adapter_dir,mean_C_k_norm_fro,mean_C_norm_fro,mean_R_diag,mean_R_diag_k,mean_R_off,mean_R_off_k,mean_delta_norm_fro,mean_diag_energy,mean_diag_energy_k,mean_diag_norm,mean_effective_rank,mean_eta_k,mean_offdiag_energy,mean_offdiag_energy_k,mean_rank_k,mean_subspace_energy_k,mean_top_singular_value_w0,mean_w0_norm_fro,method,model_name_or_path,num_modules,rank_k,results_path,run_id,target_modules,task
outputs/kasa_mechanistic/full/exp3_weighted_rank_ablation/kasa/cola_lr1e-3_s0,0.18200241716187315,12.514260217642152,0.0013432459467821222,0.14092107900132153,0.9986567540532177,0.8590789209986783,12.512727797031403,0.2365493200098475,0.007109597594535444,2.410499890645345,4.529044926166534,0.0002471227996643654,174.8906662243729,0.034760795827120695,8.0,0.04187039342165614,7.67282756169637,45.11933080355326,kasa,roberta-base,24,8,outputs/kasa_mechanistic/full/exp2_update_frame/kasa_cola_lr1e-3_s0/results.json,kasa_cola_lr1e-3_s0,"query,value",cola
outputs/kasa_mechanistic/full/exp3_weighted_rank_ablation/kasa/cola_lr1e-3_s123,0.18642977329868257,13.309927185500698,0.0013012163914534827,0.13058923093946842,0.9986987836085462,0.8694107690605316,13.308298448721567,0.25759949441999197,0.0060369587093494674,2.7154539624849954,4.6516987929741545,0.00020798190912471647,198.07600913289934,0.040396400209525986,8.0,0.046433358918875456,7.67282756169637,45.11933080355326,kasa,roberta-base,24,8,outputs/kasa_mechanistic/full/exp2_update_frame/kasa_cola_lr1e-3_s123/results.json,kasa_cola_lr1e-3_s123,"query,value",cola
outputs/kasa_mechanistic/full/exp3_weighted_rank_ablation/kasa/cola_lr1e-3_s42,0.1676604285777784,12.350762780685686,0.0013039684256452846,0.1567136947745181,0.9986960315743546,0.8432863052254819,12.349252780278524,0.22963894453520575,0.0058845093941878686,2.507611073553562,4.446333825588226,0.0002049688740650737,175.76537914030874,0.02958233867320814,8.0,0.03546684806739601,7.67282756169637,45.11933080355326,kasa,roberta-base,24,8,outputs/kasa_mechanistic/full/exp2_update_frame/kasa_cola_lr1e-3_s42/results.json,kasa_cola_lr1e-3_s42,"query,value",cola
outputs/kasa_mechanistic/full/exp3_weighted_rank_ablation/kasa/cola_lr1e-4_s0,0.03505724740007698,1.3990148920949872,0.0013701311928097364,0.12947674540849552,0.9986298688071903,0.8705232545915044,1.398845096429189,0.0036229418765287846,9.368025299257472e-05,2.682860786716143,3.0950486809015274,0.000635472245659055,2.5343419534910936,0.00497152583030432,8.0,0.0050652060832968955,7.67282756169637,45.11933080355326,kasa,roberta-base,24,8,outputs/kasa_mechanistic/full/exp2_update_frame/kasa_cola_lr1e-4_s0/results.json,kasa_cola_lr1e-4_s0,"query,value",cola
outputs/kasa_mechanistic/full/exp3_weighted_rank_ablation/kasa/cola_lr1e-4_s123,0.035194764075135686,1.40117444647481,0.0013512999022853428,0.13418985570444428,0.9986487000977146,0.8658101442955556,1.4010042746861775,0.003624616472128158,0.0001448908191529578,2.985808844367663,3.1090878446896872,0.0006213121350927056,2.519481623263952,0.0044658053939959546,8.0,0.004610696213148913,7.67282756169637,45.11933080355326,kasa,roberta-base,24,8,outputs/kasa_mechanistic/full/exp2_update_frame/kasa_cola_lr1e-4_s123/results.json,kasa_cola_lr1e-4_s123,"query,value",cola
outputs/kasa_mechanistic/full/exp3_weighted_rank_ablation/kasa/cola_lr1e-4_s42,0.03589902380040182,1.4084410886453835,0.0013981515942757844,0.13868396821655046,0.9986018484057242,0.8613160317834495,1.4082697754104931,0.0035238757263869047,0.0002119117481242938,2.789204463362694,3.013547877470652,0.0008122924069368563,2.503748760170614,0.003907647503221294,8.0,0.004119559251345588,7.67282756169637,45.11933080355326,kasa,roberta-base,24,8,outputs/kasa_mechanistic/full/exp2_update_frame/kasa_cola_lr1e-4_s42/results.json,kasa_cola_lr1e-4_s42,"query,value",cola
outputs/kasa_mechanistic/full/exp3_weighted_rank_ablation/kasa/cola_lr3e-3_s0,0.23902617378479651,17.75338308021923,0.001300249196527427,0.15249198505122705,0.9986997508034725,0.8475080149487729,17.751196761926014,0.5976972108085951,0.013445765383949038,0.9121831233302752,5.099484845995903,0.00017459216171532765,442.50277301420766,0.08867291779946147,8.0,0.10211868318341051,7.67282756169637,45.11933080355326,kasa,roberta-base,24,8,outputs/kasa_mechanistic/full/exp2_update_frame/kasa_cola_lr3e-3_s0/results.json,kasa_cola_lr3e-3_s0,"query,value",cola
outputs/kasa_mechanistic/full/exp3_weighted_rank_ablation/kasa/cola_lr3e-3_s123,0.17330471408389117,9.031400287390719,0.0013181921995695826,0.15782417881276742,0.9986818078004306,0.8421758211872326,9.03030695517858,0.1189993938120703,0.00861764648592119,2.3092963794867196,3.935809070865313,0.00039104773036178006,88.3990672508565,0.034869282197784436,8.0,0.04348692868370563,7.67282756169637,45.11933080355326,kasa,roberta-base,24,8,outputs/kasa_mechanistic/full/exp2_update_frame/kasa_cola_lr3e-3_s123/results.json,kasa_cola_lr3e-3_s123,"query,value",cola
outputs/kasa_mechanistic/full/exp3_weighted_rank_ablation/kasa/cola_lr3e-3_s42,0.10579281254370303,7.458731351330641,0.0012808699955860273,0.13949528329274277,0.9987191300044143,0.8605047167072574,7.457824086149533,0.07656442125638326,0.001929321753171583,2.1996539359291396,3.8074813783168793,0.00024045058333985495,59.787173534433045,0.013021770835621282,8.0,0.014951092588792866,7.67282756169637,45.11933080355326,kasa,roberta-base,24,8,outputs/kasa_mechanistic/full/exp2_update_frame/kasa_cola_lr3e-3_s42/results.json,kasa_cola_lr3e-3_s42,"query,value",cola
outputs/kasa_mechanistic/full/exp3_weighted_rank_ablation/kasa/cola_lr3e-4_s0,0.08171350039055937,4.347138464050659,0.0013722557084884573,0.1483417046012854,0.9986277442915114,0.8516582953987145,4.346610605716705,0.029451644979417324,0.0012292056505126918,2.754138191541036,3.790344844261805,0.0005369911358671565,21.096474094626803,0.013856210773459074,8.0,0.015085416423971765,7.67282756169637,45.11933080355326,kasa,roberta-base,24,8,outputs/kasa_mechanistic/full/exp2_update_frame/kasa_cola_lr3e-4_s0/results.json,kasa_cola_lr3e-4_s0,"query,value",cola
outputs/kasa_mechanistic/full/exp3_weighted_rank_ablation/kasa/cola_lr3e-4_s123,0.08818019512885462,4.334697098451065,0.0013601730727300348,0.1451421205233588,0.9986398269272699,0.8548578794766413,4.334170530239741,0.03075002325931564,0.001366014891876451,3.038918157418569,3.877860297759374,0.0004721938797776204,21.53964095618964,0.013759177169655837,8.0,0.015125192061532289,7.67282756169637,45.11933080355326,kasa,roberta-base,24,8,outputs/kasa_mechanistic/full/exp2_update_frame/kasa_cola_lr3e-4_s123/results.json,kasa_cola_lr3e-4_s123,"query,value",cola
outputs/kasa_mechanistic/full/exp3_weighted_rank_ablation/kasa/cola_lr3e-4_s42,0.09242030720502885,4.450973062758062,0.0013531874772249911,0.1555693385739786,0.9986468125227749,0.8444306614260214,4.4504322956005735,0.030864529272851843,0.001709809160805283,2.851863960425059,3.470356523990631,0.0004986517765966311,22.2674902951112,0.016583739484985927,8.0,0.01829354864579121,7.67282756169637,45.11933080355326,kasa,roberta-base,24,8,outputs/kasa_mechanistic/full/exp2_update_frame/kasa_cola_lr3e-4_s42/results.json,kasa_cola_lr3e-4_s42,"query,value",cola
outputs/kasa_mechanistic/full/exp3_weighted_rank_ablation/kasa/mrpc_lr1e-3_s0,0.17041554352537683,8.435373122100756,0.001338802786242204,0.13471099527599426,0.9986611972137577,0.8652890047240058,8.434350917736689,0.10635453939903527,0.0060136821539344965,2.5663630614678064,3.7111157129208245,0.0005691656735112791,79.64657339969806,0.03973321462096161,8.0,0.04574689677489611,7.67282756169637,45.11933080355326,kasa,roberta-base,24,8,outputs/kasa_mechanistic/full/exp2_update_frame/kasa_mrpc_lr1e-3_s0/results.json,kasa_mrpc_lr1e-3_s0,"query,value",mrpc
outputs/kasa_mechanistic/full/exp3_weighted_rank_ablation/kasa/mrpc_lr1e-3_s123,0.18024147269474466,8.820746222931946,0.0013763564162169956,0.11867996523596469,0.9986236435837826,0.8813200347640353,8.81968092918396,0.1210413499114414,0.008653472543301177,2.8805759847164154,3.9041524728139243,0.00043747565165514363,86.81620235011603,0.05063136685748759,8.0,0.05928483940078877,7.67282756169637,45.11933080355326,kasa,roberta-base,24,8,outputs/kasa_mechanistic/full/exp2_update_frame/kasa_mrpc_lr1e-3_s123/results.json,kasa_mrpc_lr1e-3_s123,"query,value",mrpc
outputs/kasa_mechanistic/full/exp3_weighted_rank_ablation/kasa/mrpc_lr1e-3_s42,0.17116338070242174,8.62670406233668,0.0013211564030854907,0.12755320106893867,0.9986788435969146,0.8724467989310614,8.625657866398493,0.11860875595205773,0.0059845261818433455,2.6784555365641913,3.6244314461946487,0.00036651512400882766,90.03044060559478,0.04158708154773194,8.0,0.047571607729575284,7.67282756169637,45.11933080355326,kasa,roberta-base,24,8,outputs/kasa_mechanistic/full/exp2_update_frame/kasa_mrpc_lr1e-3_s42/results.json,kasa_mrpc_lr1e-3_s42,"query,value",mrpc
outputs/kasa_mechanistic/full/exp3_weighted_rank_ablation/kasa/mrpc_lr1e-4_s0,0.021408699949255445,0.8963646452832191,0.0013759527638931074,0.15913657443530624,0.9986240472361069,0.8408634255646935,0.8962571745117506,0.0014468889949057484,0.00012683654495996657,2.6641680896282196,2.7340789437294006,0.0006967397865194825,1.0226443920018937,0.0005959363013422111,8.0,0.0007227728463021776,7.67282756169637,45.11933080355326,kasa,roberta-base,24,8,outputs/kasa_mechanistic/full/exp2_update_frame/kasa_mrpc_lr1e-4_s0/results.json,kasa_mrpc_lr1e-4_s0,"query,value",mrpc
outputs/kasa_mechanistic/full/exp3_weighted_rank_ablation/kasa/mrpc_lr1e-4_s123,0.026492201148882438,1.0028452551671159,0.0013734377073897379,0.13749232191842642,0.9986265622926105,0.8625076780815738,1.0027233213186264,0.001838186906146196,0.00017510146065546905,2.977364937464396,2.8466366628805795,0.000704824634570468,1.3327870187398123,0.0012148457800644035,8.0,0.0013899472407198725,7.67282756169637,45.11933080355326,kasa,roberta-base,24,8,outputs/kasa_mechanistic/full/exp2_update_frame/kasa_mrpc_lr1e-4_s123/results.json,kasa_mrpc_lr1e-4_s123,"query,value",mrpc
outputs/kasa_mechanistic/full/exp3_weighted_rank_ablation/kasa/mrpc_lr1e-4_s42,0.02097390208674316,0.9422460406615926,0.0013160048968054213,0.164856507429839,0.9986839951031947,0.8351434925701611,0.9421326791246732,0.00180517742895366,0.0001547496766581465,2.770572101076444,2.8963243861993155,0.00047980039531511203,1.3269264805082155,0.0007259718849610408,8.0,0.0008807215616191874,7.67282756169637,45.11933080355326,kasa,roberta-base,24,8,outputs/kasa_mechanistic/full/exp2_update_frame/kasa_mrpc_lr1e-4_s42/results.json,kasa_mrpc_lr1e-4_s42,"query,value",mrpc
outputs/kasa_mechanistic/full/exp3_weighted_rank_ablation/kasa/mrpc_lr3e-3_s0,0.03850632797391793,1.586503342049219,0.0014406926937041813,0.194410043788339,0.9985593073062957,0.8055899562116612,1.5863088201731443,0.006470860551606468,0.0008313738320377221,1.6555114012832444,4.249160066246986,0.0007244118408734618,4.192041120698491,0.00420044707729043,8.0,0.005031820909328151,7.67282756169637,45.11933080355326,kasa,roberta-base,24,8,outputs/kasa_mechanistic/full/exp2_update_frame/kasa_mrpc_lr3e-3_s0/results.json,kasa_mrpc_lr3e-3_s0,"query,value",mrpc
outputs/kasa_mechanistic/full/exp3_weighted_rank_ablation/kasa/mrpc_lr3e-3_s123,0.2446858403009827,9.99658832142679,0.0013508911971536128,0.1305844896851279,0.9986491088028465,0.8694155103148723,9.99538666009903,0.16210834123194218,0.018016066554991994,2.653560404976209,3.474049170811971,0.0005857852370535687,115.15330394171178,0.089962881031776,8.0,0.107978947586768,7.67282756169637,45.11933080355326,kasa,roberta-base,24,8,outputs/kasa_mechanistic/full/exp2_update_frame/kasa_mrpc_lr3e-3_s123/results.json,kasa_mrpc_lr3e-3_s123,"query,value",mrpc
outputs/kasa_mechanistic/full/exp3_weighted_rank_ablation/kasa/mrpc_lr3e-3_s42,0.16879620039107238,8.633626318856415,0.0013345746078441613,0.11724388830196643,0.9986654253921556,0.8827561116980336,8.632592310508093,0.11060542209694783,0.005471017019469097,2.498620741069317,3.1783800274133682,0.00045772408294217885,82.38558405296256,0.035575018228579815,8.0,0.041046035248048916,7.67282756169637,45.11933080355326,kasa,roberta-base,24,8,outputs/kasa_mechanistic/full/exp2_update_frame/kasa_mrpc_lr3e-3_s42/results.json,kasa_mrpc_lr3e-3_s42,"query,value",mrpc
outputs/kasa_mechanistic/full/exp3_weighted_rank_ablation/kasa/mrpc_lr3e-4_s0,0.0599854618039467,2.5574517219790236,0.0013254876672997983,0.12923319825516907,0.9986745123327002,0.870766801744831,2.557144815723101,0.010167492340163639,0.0006124976882233568,2.69489885866642,3.1834502468506494,0.0006978728799521922,7.601188348819657,0.0049385792115685945,8.0,0.005551076899791951,7.67282756169637,45.11933080355326,kasa,roberta-base,24,8,outputs/kasa_mechanistic/full/exp2_update_frame/kasa_mrpc_lr3e-4_s0/results.json,kasa_mrpc_lr3e-4_s0,"query,value",mrpc
outputs/kasa_mechanistic/full/exp3_weighted_rank_ablation/kasa/mrpc_lr3e-4_s123,0.05860355741075284,2.7712122743515946,0.0013467552356162423,0.15431860739691058,0.9986532447643836,0.8456813926030894,2.7708778282006583,0.012902632064651698,0.001144213697595357,2.9879555851221085,3.4115498860677085,0.0004601292164276734,9.17766712635057,0.0041934356390811445,8.0,0.005337649336676502,7.67282756169637,45.11933080355326,kasa,roberta-base,24,8,outputs/kasa_mechanistic/full/exp2_update_frame/kasa_mrpc_lr3e-4_s123/results.json,kasa_mrpc_lr3e-4_s123,"query,value",mrpc
outputs/kasa_mechanistic/full/exp3_weighted_rank_ablation/kasa/mrpc_lr3e-4_s42,0.06980136593283419,2.8586633409727433,0.0013405576936471719,0.14294667037540845,0.9986594423063528,0.8570533296245916,2.8583206087350845,0.015292730182409286,0.0015600666149566678,2.793137157956759,3.0963610808054605,0.0006102693095134162,10.690827418118715,0.008094462007117423,8.0,0.009654528622074091,7.67282756169637,45.11933080355326,kasa,roberta-base,24,8,outputs/kasa_mechanistic/full/exp2_update_frame/kasa_mrpc_lr3e-4_s42/results.json,kasa_mrpc_lr3e-4_s42,"query,value",mrpc
outputs/kasa_mechanistic/full/exp3_weighted_rank_ablation/kasa_noaux/cola_lr1e-3_s0,0.1866084769416176,12.950390273822352,0.0013300991167041899,0.13653482823707633,0.9986699008832957,0.8634651717629236,12.94880598783493,0.25630182803918916,0.006226505710704562,2.4587981402873993,4.630487322807312,0.00021266278873738396,192.25808005748937,0.03994465703241682,8.0,0.046171162743121386,7.67282756169637,45.11933080355326,kasa_noaux,roberta-base,24,8,outputs/kasa_mechanistic/full/exp2_update_frame/kasa_noaux_cola_lr1e-3_s0/results.json,kasa_noaux_cola_lr1e-3_s0,"query,value",cola
outputs/kasa_mechanistic/full/exp3_weighted_rank_ablation/kasa_noaux/cola_lr1e-3_s123,0.212719433296454,13.685113325407782,0.001327128820801311,0.12753007214237658,0.9986728711791987,0.8724699278576235,13.683434049288431,0.2966287521024545,0.005263012770835,2.7265863021214805,4.726164648930232,0.0002627257844522455,216.4943104200065,0.05541778334979123,8.0,0.06068079612062623,7.67282756169637,45.11933080355326,kasa_noaux,roberta-base,24,8,outputs/kasa_mechanistic/full/exp2_update_frame/kasa_noaux_cola_lr1e-3_s123/results.json,kasa_noaux_cola_lr1e-3_s123,"query,value",cola
outputs/kasa_mechanistic/full/exp3_weighted_rank_ablation/kasa_noaux/cola_lr1e-3_s42,0.19275988828189097,13.225769802570015,0.0013060167635598353,0.14801669259772632,0.9986939832364402,0.8519833074022736,13.22414779663086,0.26832905908425647,0.006412527555463991,2.5369199266036353,4.402279898524284,0.00025014500540730694,204.62717303136984,0.04247594474630508,8.0,0.04888847230176907,7.67282756169637,45.11933080355326,kasa_noaux,roberta-base,24,8,outputs/kasa_mechanistic/full/exp2_update_frame/kasa_noaux_cola_lr1e-3_s42/results.json,kasa_noaux_cola_lr1e-3_s42,"query,value",cola
outputs/kasa_mechanistic/full/exp3_weighted_rank_ablation/kasa_noaux/cola_lr1e-4_s0,0.034203521440454666,1.3892106082206404,0.001376623011259913,0.1459169001209902,0.9986233769887399,0.85408309987901,1.3890419801076253,0.0036493940739698396,0.00010146002555681359,2.7052341600259147,2.942341774702072,0.0006161038567170072,2.5244006684830915,0.004743511025765201,8.0,0.004844971051322015,7.67282756169637,45.11933080355326,kasa_noaux,roberta-base,24,8,outputs/kasa_mechanistic/full/exp2_update_frame/kasa_noaux_cola_lr1e-4_s0/results.json,kasa_noaux_cola_lr1e-4_s0,"query,value",cola
outputs/kasa_mechanistic/full/exp3_weighted_rank_ablation/kasa_noaux/cola_lr1e-4_s123,0.0353925783127609,1.3932254633976333,0.001347005431282144,0.14057611795734906,0.9986529945687176,0.8594238820426509,1.393055831392606,0.0035754474617230394,0.00014858260030337078,3.0098166167736053,3.1580622792243958,0.0006533827621737751,2.5029925919952802,0.004550892440979244,8.0,0.004699475041282615,7.67282756169637,45.11933080355326,kasa_noaux,roberta-base,24,8,outputs/kasa_mechanistic/full/exp2_update_frame/kasa_noaux_cola_lr1e-4_s123/results.json,kasa_noaux_cola_lr1e-4_s123,"query,value",cola
outputs/kasa_mechanistic/full/exp3_weighted_rank_ablation/kasa_noaux/cola_lr1e-4_s42,0.03431411447019868,1.4223170284475073,0.0013641061262437335,0.1259519055376319,0.9986358938737564,0.8740480944623682,1.42214418699344,0.003536216140976952,0.0001387073332826579,2.8112176607052484,2.9230748414993286,0.0006589875987650439,2.525871507355381,0.0035778452632465965,8.0,0.0037165525965292545,7.67282756169637,45.11933080355326,kasa_noaux,roberta-base,24,8,outputs/kasa_mechanistic/full/exp2_update_frame/kasa_noaux_cola_lr1e-4_s42/results.json,kasa_noaux_cola_lr1e-4_s42,"query,value",cola
outputs/kasa_mechanistic/full/exp3_weighted_rank_ablation/kasa_noaux/cola_lr3e-3_s0,0.2367011709148696,12.281511892458276,0.001362728471952651,0.1298586611387103,0.9986372715280475,0.8701413388612896,12.280001819133759,0.2432665123293797,0.02790705678004694,2.2813190668821335,3.3159401267766953,0.00046080519425689193,171.47375161511204,0.10265769168472616,8.0,0.1305647484647731,7.67282756169637,45.11933080355326,kasa_noaux,roberta-base,24,8,outputs/kasa_mechanistic/full/exp2_update_frame/kasa_noaux_cola_lr3e-3_s0/results.json,kasa_noaux_cola_lr3e-3_s0,"query,value",cola
outputs/kasa_mechanistic/full/exp3_weighted_rank_ablation/kasa_noaux/cola_lr3e-3_s123,0.18173674338448362,12.779799474994832,0.0013080550487606943,0.14957598374483397,0.9986919449512394,0.850424016255166,12.778244614601135,0.2478900132700801,0.00812035107325452,2.602281386653582,3.332213521003723,0.00022419388638833686,192.5585350813344,0.050164391820241384,8.0,0.05828474289349591,7.67282756169637,45.11933080355326,kasa_noaux,roberta-base,24,8,outputs/kasa_mechanistic/full/exp2_update_frame/kasa_noaux_cola_lr3e-3_s123/results.json,kasa_noaux_cola_lr3e-3_s123,"query,value",cola
outputs/kasa_mechanistic/full/exp3_weighted_rank_ablation/kasa_noaux/cola_lr3e-3_s42,0.10658601145952921,4.773000333276135,0.0013727188178309106,0.19027622764451035,0.998627281182169,0.8097237723554894,4.772419974207878,0.03558130496336768,0.004734330928840791,2.653067802389463,3.128101165095965,0.0006712291209903493,25.62620196309096,0.014298795807917486,8.0,0.019033126736758277,7.67282756169637,45.11933080355326,kasa_noaux,roberta-base,24,8,outputs/kasa_mechanistic/full/exp2_update_frame/kasa_noaux_cola_lr3e-3_s42/results.json,kasa_noaux_cola_lr3e-3_s42,"query,value",cola
outputs/kasa_mechanistic/full/exp3_weighted_rank_ablation/kasa_noaux/cola_lr3e-4_s0,0.08183681800924424,4.444219142349056,0.0013542391128041967,0.13466260925921483,0.9986457608871958,0.8653373907407853,4.4436792731285095,0.03141580929514021,0.000990438335975341,2.787018209695816,3.774214814106623,0.0004194825603483846,22.631701043147284,0.015046874970418381,8.0,0.016037313306393724,7.67282756169637,45.11933080355326,kasa_noaux,roberta-base,24,8,outputs/kasa_mechanistic/full/exp2_update_frame/kasa_noaux_cola_lr3e-4_s0/results.json,kasa_noaux_cola_lr3e-4_s0,"query,value",cola
outputs/kasa_mechanistic/full/exp3_weighted_rank_ablation/kasa_noaux/cola_lr3e-4_s123,0.09146358983753296,4.560411439557297,0.0013444948265506074,0.1497784108781505,0.9986555051734493,0.8502215891218494,4.559857229391734,0.0346567634648333,0.0015021924634008126,3.079316129287084,3.755477949976921,0.0004344516739652746,23.981247663109873,0.01637607622190747,8.0,0.017878268685308285,7.67282756169637,45.11933080355326,kasa_noaux,roberta-base,24,8,outputs/kasa_mechanistic/full/exp2_update_frame/kasa_noaux_cola_lr3e-4_s123/results.json,kasa_noaux_cola_lr3e-4_s123,"query,value",cola
outputs/kasa_mechanistic/full/exp3_weighted_rank_ablation/kasa_noaux/cola_lr3e-4_s42,0.0957459080442322,4.561431798496119,0.0013793925825356546,0.15929499372702366,0.9986206074174643,0.8407050062729766,4.560877064863841,0.033633968889868505,0.0022139825938817617,2.88161867360274,3.3969789892435074,0.0005239959494169555,23.522605387707397,0.017248581495550752,8.0,0.019462564089432515,7.67282756169637,45.11933080355326,kasa_noaux,roberta-base,24,8,outputs/kasa_mechanistic/full/exp2_update_frame/kasa_noaux_cola_lr3e-4_s42/results.json,kasa_noaux_cola_lr3e-4_s42,"query,value",cola
outputs/kasa_mechanistic/full/exp3_weighted_rank_ablation/kasa_noaux/mrpc_lr1e-3_s0,0.187327085148015,9.192146974586697,0.001381592964964942,0.1394989969016331,0.9986184070350351,0.8605010030983671,9.191037565469742,0.1455314482251803,0.00762934178934908,2.6101455092430115,3.37250117957592,0.0003784871228800005,103.40297405670087,0.0517313163882136,8.0,0.05936065817756268,7.67282756169637,45.11933080355326,kasa_noaux,roberta-base,24,8,outputs/kasa_mechanistic/full/exp2_update_frame/kasa_noaux_mrpc_lr1e-3_s0/results.json,kasa_noaux_mrpc_lr1e-3_s0,"query,value",mrpc
outputs/kasa_mechanistic/full/exp3_weighted_rank_ablation/kasa_noaux/mrpc_lr1e-3_s123,0.17571377858213508,8.62330520040946,0.001308178994848283,0.08793387748335296,0.998691821005152,0.912066122516647,8.622263391812643,0.1109900251807024,0.0038262859834503615,2.9212069561084113,3.862947697440783,0.0004192410024204314,83.8180285517592,0.04155609495804432,8.0,0.04538238094149468,7.67282756169637,45.11933080355326,kasa_noaux,roberta-base,24,8,outputs/kasa_mechanistic/full/exp2_update_frame/kasa_noaux_mrpc_lr1e-3_s123/results.json,kasa_noaux_mrpc_lr1e-3_s123,"query,value",mrpc
outputs/kasa_mechanistic/full/exp3_weighted_rank_ablation/kasa_noaux/mrpc_lr1e-3_s42,0.15568625870501857,9.056692417633514,0.0012956204726389828,0.13886120276896988,0.998704379527361,0.86113879723103,9.055593341588974,0.12474118118795256,0.004079838162700374,2.7007496456305184,3.6075048446655273,0.00031657750602882704,97.08646553312428,0.028413302550688968,8.0,0.032493140713389344,7.67282756169637,45.11933080355326,kasa_noaux,roberta-base,24,8,outputs/kasa_mechanistic/full/exp2_update_frame/kasa_noaux_mrpc_lr1e-3_s42/results.json,kasa_noaux_mrpc_lr1e-3_s42,"query,value",mrpc
outputs/kasa_mechanistic/full/exp3_weighted_rank_ablation/kasa_noaux/mrpc_lr1e-4_s0,0.022307609037207844,0.9248964127627763,0.001346715412048263,0.14044624135676187,0.998653284587952,0.859553758643238,0.9247855717937151,0.001413479249701292,0.00012803345148881817,2.687502051393191,2.702991704146067,0.0007270681224733545,1.0367604148377723,0.0006414592349699433,8.0,0.0007694926864587615,7.67282756169637,45.11933080355326,kasa_noaux,roberta-base,24,8,outputs/kasa_mechanistic/full/exp2_update_frame/kasa_noaux_mrpc_lr1e-4_s0/results.json,kasa_noaux_mrpc_lr1e-4_s0,"query,value",mrpc
outputs/kasa_mechanistic/full/exp3_weighted_rank_ablation/kasa_noaux/mrpc_lr1e-4_s123,0.027433697327401696,1.0103279902942652,0.0013694853386670234,0.13383179552740518,0.9986305146613329,0.8661682044725948,1.0102059195439022,0.0017684498877012327,0.00016132072620204477,2.996327723066012,2.718323305249214,0.0007668654915831578,1.281697731519671,0.001190550919763685,8.0,0.0013518716459657298,7.67282756169637,45.11933080355326,kasa_noaux,roberta-base,24,8,outputs/kasa_mechanistic/full/exp2_update_frame/kasa_noaux_mrpc_lr1e-4_s123/results.json,kasa_noaux_mrpc_lr1e-4_s123,"query,value",mrpc
outputs/kasa_mechanistic/full/exp3_weighted_rank_ablation/kasa_noaux/mrpc_lr1e-4_s42,0.02531538669265204,0.9907522860280363,0.001365704359996118,0.1362291495021408,0.998634295640004,0.8637708504978593,0.9906331971287727,0.0019534996433018628,0.00019467857271611896,2.794095908602079,2.583346262574196,0.0006859278460251229,1.3356399260428589,0.0009744385592919494,8.0,0.0011691171320080684,7.67282756169637,45.11933080355326,kasa_noaux,roberta-base,24,8,outputs/kasa_mechanistic/full/exp2_update_frame/kasa_noaux_mrpc_lr1e-4_s42/results.json,kasa_noaux_mrpc_lr1e-4_s42,"query,value",mrpc
outputs/kasa_mechanistic/full/exp3_weighted_rank_ablation/kasa_noaux/mrpc_lr3e-3_s0,0.2847140041097697,12.071323338524982,0.001349842585696237,0.13462474084410314,0.9986501574143037,0.8653752591558969,12.069870710372925,0.23715950533126792,0.021096618411320378,2.416520039240519,3.3111811379591622,0.0005264232919638096,171.9045089733166,0.1155431416779417,8.0,0.13663976008926207,7.67282756169637,45.11933080355326,kasa_noaux,roberta-base,24,8,outputs/kasa_mechanistic/full/exp2_update_frame/kasa_noaux_mrpc_lr3e-3_s0/results.json,kasa_noaux_mrpc_lr3e-3_s0,"query,value",mrpc
outputs/kasa_mechanistic/full/exp3_weighted_rank_ablation/kasa_noaux/mrpc_lr3e-3_s123,0.2976646774661692,9.995519576748643,0.001433634784861103,0.12516032032703325,0.998566365215139,0.8748396796729666,9.99432776371638,0.19228278814504543,0.04688089232210283,2.7989804446697235,2.9996276249488196,0.0009159857019895823,113.77439026813954,0.20500995529255306,8.0,0.2518908476146559,7.67282756169637,45.11933080355326,kasa_noaux,roberta-base,24,8,outputs/kasa_mechanistic/full/exp2_update_frame/kasa_noaux_mrpc_lr3e-3_s123/results.json,kasa_noaux_mrpc_lr3e-3_s123,"query,value",mrpc
outputs/kasa_mechanistic/full/exp3_weighted_rank_ablation/kasa_noaux/mrpc_lr3e-3_s42,0.34380879399068287,18.885510603391044,0.0013156823350495438,0.1318750870328049,0.9986843176649504,0.8681249129671951,18.88323775927226,0.6026760760384301,0.02684169252764453,2.3224449207385383,3.072947089870771,0.0003167910750785797,454.7845338957074,0.1710874948081861,8.0,0.19792918733583065,7.67282756169637,45.11933080355326,kasa_noaux,roberta-base,24,8,outputs/kasa_mechanistic/full/exp2_update_frame/kasa_noaux_mrpc_lr3e-3_s42/results.json,kasa_noaux_mrpc_lr3e-3_s42,"query,value",mrpc
outputs/kasa_mechanistic/full/exp3_weighted_rank_ablation/kasa_noaux/mrpc_lr3e-4_s0,0.056872169911010434,2.5033097924588037,0.0014460687934476208,0.1490003546016308,0.9985539312065526,0.8509996453983693,2.503006895383199,0.01029657707355606,0.0009056395601305667,2.7018256882826486,3.1614407946666083,0.000865550044847889,7.434079186263261,0.004316730522134549,8.0,0.005222370082265115,7.67282756169637,45.11933080355326,kasa_noaux,roberta-base,24,8,outputs/kasa_mechanistic/full/exp2_update_frame/kasa_noaux_mrpc_lr3e-4_s0/results.json,kasa_noaux_mrpc_lr3e-4_s0,"query,value",mrpc
outputs/kasa_mechanistic/full/exp3_weighted_rank_ablation/kasa_noaux/mrpc_lr3e-4_s123,0.06868529672312561,2.5986936119760204,0.0013825388620650851,0.14983737344443646,0.9986174611379349,0.8501626265555635,2.598380650083224,0.012892191865830682,0.0016037571034909586,3.006181851029396,3.256521925330162,0.0006768977409719202,8.86880716655772,0.00843570446272679,8.0,0.010039461566217748,7.67282756169637,45.11933080355326,kasa_noaux,roberta-base,24,8,outputs/kasa_mechanistic/full/exp2_update_frame/kasa_noaux_mrpc_lr3e-4_s123/results.json,kasa_noaux_mrpc_lr3e-4_s123,"query,value",mrpc
outputs/kasa_mechanistic/full/exp3_weighted_rank_ablation/kasa_noaux/mrpc_lr3e-4_s42,0.0729545466867882,2.9243593588426937,0.0013719323770405368,0.14932215141553676,0.9986280676229596,0.8506778485844632,2.924008883535862,0.016261977992447402,0.0020328116280931376,2.8233072410027185,2.988496487339338,0.0006086133121405352,11.24810635493001,0.00831168949283286,8.0,0.010344501120925997,7.67282756169637,45.11933080355326,kasa_noaux,roberta-base,24,8,outputs/kasa_mechanistic/full/exp2_update_frame/kasa_noaux_mrpc_lr3e-4_s42/results.json,kasa_noaux_mrpc_lr3e-4_s42,"query,value",mrpc
outputs/kasa_mechanistic/full/exp3_weighted_rank_ablation/kasa_noaux/rte_lr1e-3_s0,0.19237798949009968,9.06402842183546,0.0013599452616343017,0.16264731945085986,0.9986400547383657,0.8373526805491402,9.062933286031088,0.12806238497917852,0.011949811729209614,2.590970605611801,3.564842075109482,0.00048089919652046274,92.38015518818672,0.044869057158090676,8.0,0.05681886888730029,7.67282756169637,45.11933080355326,kasa_noaux,roberta-base,24,8,outputs/kasa_mechanistic/full/exp2_update_frame/kasa_noaux_rte_lr1e-3_s0/results.json,kasa_noaux_rte_lr1e-3_s0,"query,value",rte
outputs/kasa_mechanistic/full/exp3_weighted_rank_ablation/kasa_noaux/rte_lr1e-3_s123,0.022271406099756086,1.2146640264941986,0.0013457691255943087,0.18964965785491986,0.9986542308744059,0.8103503421450803,1.2145172605911891,0.0022116862649757727,0.00013974323328132718,2.9484811325867972,2.9629697451988855,0.0004936408720993908,1.659587018150584,0.0006288415692665694,8.0,0.0007685848025478966,7.67282756169637,45.11933080355326,kasa_noaux,roberta-base,24,8,outputs/kasa_mechanistic/full/exp2_update_frame/kasa_noaux_rte_lr1e-3_s123/results.json,kasa_noaux_rte_lr1e-3_s123,"query,value",rte
outputs/kasa_mechanistic/full/exp3_weighted_rank_ablation/kasa_noaux/rte_lr1e-3_s42,0.167407195548725,8.363363425751038,0.001353168743765316,0.1535584894578346,0.9986468312562344,0.8464415105421654,8.36235679189364,0.11011783122861137,0.008856778871025503,2.699148784081141,3.600264678398768,0.00041547922403752346,79.60694797992862,0.037600762512738584,8.0,0.04645754138376409,7.67282756169637,45.11933080355326,kasa_noaux,roberta-base,24,8,outputs/kasa_mechanistic/full/exp2_update_frame/kasa_noaux_rte_lr1e-3_s42/results.json,kasa_noaux_rte_lr1e-3_s42,"query,value",rte
outputs/kasa_mechanistic/full/exp3_weighted_rank_ablation/kasa_noaux/rte_lr1e-4_s0,0.019821163917752425,0.8917675351853244,0.0013521107016648797,0.20769429126484018,0.9986478892983354,0.7923057087351598,0.8916596236328284,0.001257914861222768,0.00012112231114732215,2.693284809589386,2.9534413615862527,0.0005603303910760467,0.9317165900665714,0.0005217043224945428,8.0,0.000642826633641865,7.67282756169637,45.11933080355326,kasa_noaux,roberta-base,24,8,outputs/kasa_mechanistic/full/exp2_update_frame/kasa_noaux_rte_lr1e-4_s0/results.json,kasa_noaux_rte_lr1e-4_s0,"query,value",rte
outputs/kasa_mechanistic/full/exp3_weighted_rank_ablation/kasa_noaux/rte_lr1e-4_s123,0.01844441791214901,0.837170581927034,0.0013731439757009923,0.2114134240494613,0.9986268560242991,0.7885865759505387,0.8370693338414034,0.0011210784929668687,7.261264530219098e-05,2.992445116241773,2.854318673412005,0.0005696219329117089,0.8257135331017101,0.0004955022329795611,8.0,0.0005681148782817521,7.67282756169637,45.11933080355326,kasa_noaux,roberta-base,24,8,outputs/kasa_mechanistic/full/exp2_update_frame/kasa_noaux_rte_lr1e-4_s123/results.json,kasa_noaux_rte_lr1e-4_s123,"query,value",rte
outputs/kasa_mechanistic/full/exp3_weighted_rank_ablation/kasa_noaux/rte_lr1e-4_s42,0.021397062771982344,0.8828272907641068,0.0014007879395642516,0.21755799478038443,0.9985992120604356,0.7824420052196155,0.8827207324405512,0.0013909896236630932,0.00021420001690349486,2.7957860430081687,2.9312261094649634,0.0006285788783595764,0.936909284688833,0.0008424086529383127,8.0,0.0010566086698418076,7.67282756169637,45.11933080355326,kasa_noaux,roberta-base,24,8,outputs/kasa_mechanistic/full/exp2_update_frame/kasa_noaux_rte_lr1e-4_s42/results.json,kasa_noaux_rte_lr1e-4_s42,"query,value",rte
outputs/kasa_mechanistic/full/exp3_weighted_rank_ablation/kasa_noaux/rte_lr3e-3_s0,0.22875263766777573,7.175196546751329,0.0014577989843594784,0.16063590567721506,0.9985422010156406,0.8393640943227849,7.174331406752269,0.10357570826696853,0.021260591411495017,2.594714810450872,3.092046156525612,0.0011089634564940194,66.45711147606683,0.1292019352091908,8.0,0.15046252662068582,7.67282756169637,45.11933080355326,kasa_noaux,roberta-base,24,8,outputs/kasa_mechanistic/full/exp2_update_frame/kasa_noaux_rte_lr3e-3_s0/results.json,kasa_noaux_rte_lr3e-3_s0,"query,value",rte
outputs/kasa_mechanistic/full/exp3_weighted_rank_ablation/kasa_noaux/rte_lr3e-3_s123,0.22805638983108742,9.302434906738853,0.0013236136795300487,0.1275856746773343,0.99867638632047,0.8724143253226657,9.301310241222382,0.13835564845552048,0.013526702764162716,2.8842864632606506,2.6212678452332816,0.0008183272477959119,101.18714348878711,0.07132801096425585,8.0,0.08485471372841857,7.67282756169637,45.11933080355326,kasa_noaux,roberta-base,24,8,outputs/kasa_mechanistic/full/exp2_update_frame/kasa_noaux_rte_lr3e-3_s123/results.json,kasa_noaux_rte_lr3e-3_s123,"query,value",rte
outputs/kasa_mechanistic/full/exp3_weighted_rank_ablation/kasa_noaux/rte_lr3e-3_s42,0.1756843288861768,6.672684245767322,0.0014030928990970979,0.1443847045665486,0.9985969071009029,0.8556152954334514,6.671882838010788,0.07311771468569835,0.006155519187511042,2.6617284466822944,2.895853857199351,0.0008910532435288695,52.233078577555716,0.04587792467009422,8.0,0.052033443857605256,7.67282756169637,45.11933080355326,kasa_noaux,roberta-base,24,8,outputs/kasa_mechanistic/full/exp2_update_frame/kasa_noaux_rte_lr3e-3_s42/results.json,kasa_noaux_rte_lr3e-3_s42,"query,value",rte
outputs/kasa_mechanistic/full/exp3_weighted_rank_ablation/kasa_noaux/rte_lr3e-4_s0,0.0561985468880507,2.398195501935115,0.0013765517510347651,0.17229063774108475,0.9986234482489653,0.8277093622589152,2.397903690735499,0.009591683017788455,0.0010529481567876549,2.7084323863188424,3.28080261250337,0.000616431598720864,6.815158506962082,0.0044757862610822485,8.0,0.005528734417869903,7.67282756169637,45.11933080355326,kasa_noaux,roberta-base,24,8,outputs/kasa_mechanistic/full/exp2_update_frame/kasa_noaux_rte_lr3e-4_s0/results.json,kasa_noaux_rte_lr3e-4_s0,"query,value",rte
outputs/kasa_mechanistic/full/exp3_weighted_rank_ablation/kasa_noaux/rte_lr3e-4_s123,0.05914034820898792,2.6734041030734175,0.0013456868353202403,0.1463753694267362,0.9986543131646797,0.8536246305732638,2.67308043440183,0.012925503969502946,0.001505460163192159,3.022030914823214,3.203414633870125,0.0004732467547128763,9.024199467579214,0.00521954862210805,8.0,0.006725008785300209,7.67282756169637,45.11933080355326,kasa_noaux,roberta-base,24,8,outputs/kasa_mechanistic/full/exp2_update_frame/kasa_noaux_rte_lr3e-4_s123/results.json,kasa_noaux_rte_lr3e-4_s123,"query,value",rte
outputs/kasa_mechanistic/full/exp3_weighted_rank_ablation/kasa_noaux/rte_lr3e-4_s42,0.055536274153336625,2.393422916527418,0.0013780286307614924,0.12798100064327445,0.9986219713692384,0.8720189993567257,2.393135574956735,0.009403044736245647,0.0008599729924677982,2.81929083665212,3.3565482050180435,0.0005815947715149924,6.866423157596728,0.00530832175343221,8.0,0.006168294745900009,7.67282756169637,45.11933080355326,kasa_noaux,roberta-base,24,8,outputs/kasa_mechanistic/full/exp2_update_frame/kasa_noaux_rte_lr3e-4_s42/results.json,kasa_noaux_rte_lr3e-4_s42,"query,value",rte
outputs/kasa_mechanistic/full/exp3_weighted_rank_ablation/kasa_noaux/sst2_lr1e-3_s0,0.3895113927005245,24.18517168962458,0.0013361292276326238,0.13299808464627264,0.9986638707723673,0.8670019153537275,24.182203610738117,1.0898469562331836,0.03284148803262118,1.1890685483813286,5.351015831033389,0.0002693519094549724,812.4754851385951,0.24402690984182604,8.0,0.2768683978744472,7.67282756169637,45.11933080355326,kasa_noaux,roberta-base,24,8,outputs/kasa_mechanistic/full/exp2_update_frame/kasa_noaux_sst2_lr1e-3_s0/results.json,kasa_noaux_sst2_lr1e-3_s0,"query,value",sst2
outputs/kasa_mechanistic/full/exp3_weighted_rank_ablation/kasa_noaux/sst2_lr1e-3_s123,0.4058897125842608,25.23483850726957,0.0013129989504592598,0.14051991440558795,0.9986870010495408,0.8594800855944121,25.23173753420512,1.1864956778784592,0.030115123524107428,1.3220972393949826,5.4796029676993685,0.0002419406880291941,879.974562112242,0.2550962755958608,8.0,0.28521139911996823,7.67282756169637,45.11933080355326,kasa_noaux,roberta-base,24,8,outputs/kasa_mechanistic/full/exp2_update_frame/kasa_noaux_sst2_lr1e-3_s123/results.json,kasa_noaux_sst2_lr1e-3_s123,"query,value",sst2
outputs/kasa_mechanistic/full/exp3_weighted_rank_ablation/kasa_noaux/sst2_lr1e-3_s42,0.35634085807909915,24.11660267622635,0.0013292467336085752,0.1436481239159886,0.9986707532663913,0.8563518760840116,24.113641222318012,1.0338407075032592,0.02807278130785562,1.2271287466088932,5.328443701068561,0.0002252536352243267,783.4464633747315,0.16820739936277582,8.0,0.19628018067063144,7.67282756169637,45.11933080355326,kasa_noaux,roberta-base,24,8,outputs/kasa_mechanistic/full/exp2_update_frame/kasa_noaux_sst2_lr1e-3_s42/results.json,kasa_noaux_sst2_lr1e-3_s42,"query,value",sst2
outputs/kasa_mechanistic/full/exp3_weighted_rank_ablation/kasa_noaux/sst2_lr1e-4_s0,0.1225531912175959,4.328086116452775,0.001380713453665594,0.10217360648007258,0.9986192865463344,0.8978263935199272,4.327564150094986,0.030073463548130046,0.0039862169890814885,2.8047376771767936,2.920789917310079,0.0009721881136607129,21.336425900827937,0.02739389217125184,8.0,0.031380109160333326,7.67282756169637,45.11933080355326,kasa_noaux,roberta-base,24,8,outputs/kasa_mechanistic/full/exp2_update_frame/kasa_noaux_sst2_lr1e-4_s0/results.json,kasa_noaux_sst2_lr1e-4_s0,"query,value",sst2
outputs/kasa_mechanistic/full/exp3_weighted_rank_ablation/kasa_noaux/sst2_lr1e-4_s123,0.12474512425376048,4.372247424420908,0.0014509474801329204,0.16650218481426965,0.9985490525198669,0.8334978151857304,4.371720562378566,0.03343998648536702,0.005000573973120481,3.1002628157536187,3.1485799849033356,0.0009945686175743458,22.41936740023084,0.027398898920182546,8.0,0.03239947289330303,7.67282756169637,45.11933080355326,kasa_noaux,roberta-base,24,8,outputs/kasa_mechanistic/full/exp2_update_frame/kasa_noaux_sst2_lr1e-4_s123/results.json,kasa_noaux_sst2_lr1e-4_s123,"query,value",sst2
outputs/kasa_mechanistic/full/exp3_weighted_rank_ablation/kasa_noaux/sst2_lr1e-4_s42,0.11715506856654968,4.205853939396824,0.0013976063012000118,0.12771100270334312,0.9986023936988001,0.872288997296657,4.205347572763761,0.029591741079154115,0.004766538730185251,2.897847751776377,2.9019254048665366,0.0010200954035146348,20.458216307645973,0.0257614643553552,8.0,0.03052800308554045,7.67282756169637,45.11933080355326,kasa_noaux,roberta-base,24,8,outputs/kasa_mechanistic/full/exp2_update_frame/kasa_noaux_sst2_lr1e-4_s42/results.json,kasa_noaux_sst2_lr1e-4_s42,"query,value",sst2
outputs/kasa_mechanistic/full/exp3_weighted_rank_ablation/kasa_noaux/sst2_lr3e-3_s0,0.39521869018890426,24.655524028685974,0.0013079004080446112,0.14654822268766407,0.9986920995919554,0.8534517773123357,24.65249292055766,1.0347243199745815,0.030454768163811725,0.15876495807121196,6.125414659579595,0.0002327401223086874,808.4599322428306,0.23151341380920107,8.0,0.2619681819730128,7.67282756169637,45.11933080355326,kasa_noaux,roberta-base,24,8,outputs/kasa_mechanistic/full/exp2_update_frame/kasa_noaux_sst2_lr3e-3_s0/results.json,kasa_noaux_sst2_lr3e-3_s0,"query,value",sst2
outputs/kasa_mechanistic/full/exp3_weighted_rank_ablation/kasa_noaux/sst2_lr3e-3_s123,0.4288245718275288,24.238436841881295,0.001289344754302307,0.13092383128552154,0.9987106552456976,0.8690761687144786,24.235462347666424,1.0705440634240706,0.05509050321901062,0.16199603956192732,6.288838505744934,0.0002794807609124374,806.4183008080969,0.30387400164909195,8.0,0.35896450486810255,7.67282756169637,45.11933080355326,kasa_noaux,roberta-base,24,8,outputs/kasa_mechanistic/full/exp2_update_frame/kasa_noaux_sst2_lr3e-3_s123/results.json,kasa_noaux_sst2_lr3e-3_s123,"query,value",sst2
outputs/kasa_mechanistic/full/exp3_weighted_rank_ablation/kasa_noaux/sst2_lr3e-3_s42,0.46402844513039265,25.011743314189143,0.0013374452215435195,0.13407111190391258,0.9986625547784566,0.8659288880960875,25.00868018468221,1.1237228785951932,0.051839053567770556,0.16443240425239006,6.048893580834071,0.00033951474972753495,837.5206030135354,0.322957067580622,8.0,0.37479612114839256,7.67282756169637,45.11933080355326,kasa_noaux,roberta-base,24,8,outputs/kasa_mechanistic/full/exp2_update_frame/kasa_noaux_sst2_lr3e-3_s42/results.json,kasa_noaux_sst2_lr3e-3_s42,"query,value",sst2
outputs/kasa_mechanistic/full/exp3_weighted_rank_ablation/kasa_noaux/sst2_lr3e-4_s0,0.23189543179642536,12.038700491016087,0.0013735279495332084,0.13737480244314107,0.9986264720504668,0.862625197556859,12.037229498227438,0.22281998923669258,0.01651393732026918,2.787462333838145,4.227422321836154,0.00043773664556937745,161.73647130994746,0.07949011071226171,8.0,0.09600404803253089,7.67282756169637,45.11933080355326,kasa_noaux,roberta-base,24,8,outputs/kasa_mechanistic/full/exp2_update_frame/kasa_noaux_sst2_lr3e-4_s0/results.json,kasa_noaux_sst2_lr3e-4_s0,"query,value",sst2
outputs/kasa_mechanistic/full/exp3_weighted_rank_ablation/kasa_noaux/sst2_lr3e-4_s123,0.23148820025896857,12.302537803129795,0.0013432787266943662,0.15250529901628496,0.9986567212733058,0.8474947009837149,12.301029543081919,0.23138402588665485,0.014338960681925528,3.070456718405088,4.402531176805496,0.0004058134352007842,170.14084364287555,0.0737367611194107,8.0,0.08807572180133623,7.67282756169637,45.11933080355326,kasa_noaux,roberta-base,24,8,outputs/kasa_mechanistic/full/exp2_update_frame/kasa_noaux_sst2_lr3e-4_s123/results.json,kasa_noaux_sst2_lr3e-4_s123,"query,value",sst2
outputs/kasa_mechanistic/full/exp3_weighted_rank_ablation/kasa_noaux/sst2_lr3e-4_s42,0.2208587685991293,12.093869819211996,0.0013827037005050555,0.1487230819856277,0.9986172962994949,0.8512769180143723,12.092396716276804,0.22879068832844496,0.015100533008687004,2.8858944475650787,4.1910006900628405,0.0004679744236171233,163.63284658609578,0.0678837160794501,8.0,0.0829842490881371,7.67282756169637,45.11933080355326,kasa_noaux,roberta-base,24,8,outputs/kasa_mechanistic/full/exp2_update_frame/kasa_noaux_sst2_lr3e-4_s42/results.json,kasa_noaux_sst2_lr3e-4_s42,"query,value",sst2
outputs/kasa_mechanistic/full/exp3_weighted_rank_ablation/kasa/rte_lr1e-3_s0,0.16266032445413361,8.492260096186113,0.001342579581454724,0.1406922401682403,0.9986574204185453,0.8593077598317596,8.49123195807139,0.1079508070833981,0.00846766145817431,2.533140887816747,3.796934882799784,0.0004362839643297156,78.75696519964065,0.035355091513338266,8.0,0.04382275297151258,7.67282756169637,45.11933080355326,kasa,roberta-base,24,8,outputs/kasa_mechanistic/full/exp2_update_frame/kasa_rte_lr1e-3_s0/results.json,kasa_rte_lr1e-3_s0,"query,value",rte
outputs/kasa_mechanistic/full/exp3_weighted_rank_ablation/kasa/rte_lr1e-3_s123,0.16528343390835673,8.758753748846148,0.0013148421441501292,0.14092302600296933,0.9986851578558498,0.8590769739970306,8.757695734500885,0.11179744250451525,0.006049649218766717,2.8516373137633004,3.9166404008865356,0.0003403377752452989,85.4333752488407,0.03074854539469622,8.0,0.03679819461346293,7.67282756169637,45.11933080355326,kasa,roberta-base,24,8,outputs/kasa_mechanistic/full/exp2_update_frame/kasa_rte_lr1e-3_s123/results.json,kasa_rte_lr1e-3_s123,"query,value",rte
outputs/kasa_mechanistic/full/exp3_weighted_rank_ablation/kasa/rte_lr1e-3_s42,0.15399925405376932,7.908679910587279,0.0013283837111413607,0.1573177812174922,0.9986716162888585,0.8426822187825077,7.907723665237427,0.09267362032551318,0.004962167666235473,2.6508066753546395,3.75222281118234,0.0004089016085123157,69.57885646746338,0.028550253858459957,8.0,0.033512421524695434,7.67282756169637,45.11933080355326,kasa,roberta-base,24,8,outputs/kasa_mechanistic/full/exp2_update_frame/kasa_rte_lr1e-3_s42/results.json,kasa_rte_lr1e-3_s42,"query,value",rte
outputs/kasa_mechanistic/full/exp3_weighted_rank_ablation/kasa/rte_lr1e-4_s0,0.02013613405708708,0.9097800102424113,0.0013267396952455447,0.18044442779743888,0.9986732603047543,0.8195555722025611,0.9096698140104612,0.0012966165935116198,0.00011078889947195118,2.6461282720168433,3.1646320472160974,0.0005677174177262682,0.9697468968734029,0.0005366570337344001,8.0,0.0006474459332063512,7.67282756169637,45.11933080355326,kasa,roberta-base,24,8,outputs/kasa_mechanistic/full/exp2_update_frame/kasa_rte_lr1e-4_s0/results.json,kasa_rte_lr1e-4_s0,"query,value",rte
outputs/kasa_mechanistic/full/exp3_weighted_rank_ablation/kasa/rte_lr1e-4_s123,0.01875730154605217,0.8530188161178818,0.0013780497898114336,0.21482381256321306,0.9986219502101884,0.7851761874367872,0.8529157650967439,0.0011443181950501942,7.535971445804535e-05,2.9544261197249093,2.935035616159439,0.0005706160972771876,0.8430836191655544,0.0005097073090117495,8.0,0.0005850670234697949,7.67282756169637,45.11933080355326,kasa,roberta-base,24,8,outputs/kasa_mechanistic/full/exp2_update_frame/kasa_rte_lr1e-4_s123/results.json,kasa_rte_lr1e-4_s123,"query,value",rte
outputs/kasa_mechanistic/full/exp3_weighted_rank_ablation/kasa/rte_lr1e-4_s42,0.021605058199975283,0.9058268788623155,0.0014003877825331786,0.20149771868678476,0.9985996122174668,0.7985022813132153,0.9057175268729528,0.001473485861424706,0.0002065666019556526,2.754175047079722,3.038775866230329,0.0006190106249448724,0.9894316375909208,0.0008724592304645284,8.0,0.0010790258324201811,7.67282756169637,45.11933080355326,kasa,roberta-base,24,8,outputs/kasa_mechanistic/full/exp2_update_frame/kasa_rte_lr1e-4_s42/results.json,kasa_rte_lr1e-4_s42,"query,value",rte
outputs/kasa_mechanistic/full/exp3_weighted_rank_ablation/kasa/rte_lr3e-3_s0,0.14740656227923213,5.673712915276603,0.0014257880898407682,0.14934821680272023,0.9985742119101593,0.8506517831972799,5.673032532135646,0.05900259758345783,0.004989128953335846,2.2480965157349906,3.8349308371543884,0.0008131723432221427,42.05307805592505,0.03351189376977951,8.0,0.03850102272311536,7.67282756169637,45.11933080355326,kasa,roberta-base,24,8,outputs/kasa_mechanistic/full/exp2_update_frame/kasa_rte_lr3e-3_s0/results.json,kasa_rte_lr3e-3_s0,"query,value",rte
outputs/kasa_mechanistic/full/exp3_weighted_rank_ablation/kasa/rte_lr3e-3_s123,0.14743476435960498,7.103183465996811,0.0013331892661097775,0.1346631330802975,0.9986668107338903,0.8653368669197022,7.1023265818754835,0.0790487532891954,0.0036167054713587277,2.587234372893969,3.3074467182159424,0.0005371084459454523,60.7939126486502,0.024248022151975118,8.0,0.027864727623333845,7.67282756169637,45.11933080355326,kasa,roberta-base,24,8,outputs/kasa_mechanistic/full/exp2_update_frame/kasa_rte_lr3e-3_s123/results.json,kasa_rte_lr3e-3_s123,"query,value",rte
outputs/kasa_mechanistic/full/exp3_weighted_rank_ablation/kasa/rte_lr3e-3_s42,0.13399982978551175,6.052202903836851,0.0013643172265898169,0.12383550986248805,0.9986356827734101,0.876164490137512,6.051480541626613,0.05931376419418181,0.002512315154490352,2.4407263919711113,3.426068256298701,0.0007520383769222229,44.10834591585444,0.0202207861223845,8.0,0.02273310127687485,7.67282756169637,45.11933080355326,kasa,roberta-base,24,8,outputs/kasa_mechanistic/full/exp2_update_frame/kasa_rte_lr3e-3_s42/results.json,kasa_rte_lr3e-3_s42,"query,value",rte
outputs/kasa_mechanistic/full/exp3_weighted_rank_ablation/kasa/rte_lr3e-4_s0,0.059564401974186686,2.536600230515661,0.0013699136388975318,0.16054877031494685,0.9986300863611025,0.8394512296850533,2.5362928261359534,0.00980062706124348,0.0009386596962788948,2.6699312975009284,3.42219111820062,0.0006016777770486173,7.139045572053874,0.004331789942398245,8.0,0.00527044963867714,7.67282756169637,45.11933080355326,kasa,roberta-base,24,8,outputs/kasa_mechanistic/full/exp2_update_frame/kasa_rte_lr3e-4_s0/results.json,kasa_rte_lr3e-4_s0,"query,value",rte
outputs/kasa_mechanistic/full/exp3_weighted_rank_ablation/kasa/rte_lr3e-4_s123,0.0753838500523541,2.79301060901382,0.0015086648290779728,0.16469673022765788,0.9984913351709218,0.8353032697723419,2.792673170566559,0.014561444113496691,0.002716437121231744,2.978115732471148,3.360579639673233,0.0008895094332188971,9.88103278518732,0.007448417484207918,8.0,0.010164854605439663,7.67282756169637,45.11933080355326,kasa,roberta-base,24,8,outputs/kasa_mechanistic/full/exp2_update_frame/kasa_rte_lr3e-4_s123/results.json,kasa_rte_lr3e-4_s123,"query,value",rte
outputs/kasa_mechanistic/full/exp3_weighted_rank_ablation/kasa/rte_lr3e-4_s42,0.048094320390483745,2.3682119747653556,0.0013891858896267538,0.14852687628732655,0.9986108141103734,0.8514731237126735,2.367925599217415,0.009551992571990317,0.0007902317022020119,2.769259492556254,3.4965442419052124,0.0004106547524052055,6.9107504903707495,0.004140408037339209,8.0,0.0049306397395412205,7.67282756169637,45.11933080355326,kasa,roberta-base,24,8,outputs/kasa_mechanistic/full/exp2_update_frame/kasa_rte_lr3e-4_s42/results.json,kasa_rte_lr3e-4_s42,"query,value",rte
outputs/kasa_mechanistic/full/exp3_weighted_rank_ablation/kasa/sst2_lr1e-3_s0,0.2688664270056113,17.60443861210487,0.0013263516903760948,0.14610799042901,0.9986736483096238,0.8538920095709899,17.60227906703949,0.4846118114267786,0.0181469049542405,1.2889979779720306,5.888754511872928,0.0002435453923698205,358.05922891478986,0.08601282956806244,8.0,0.10415973452230294,7.67282756169637,45.11933080355326,kasa,roberta-base,24,8,outputs/kasa_mechanistic/full/exp2_update_frame/kasa_sst2_lr1e-3_s0/results.json,kasa_sst2_lr1e-3_s0,"query,value",sst2
outputs/kasa_mechanistic/full/exp3_weighted_rank_ablation/kasa/sst2_lr1e-3_s123,0.31643031822816586,18.628983386844034,0.001331338589233876,0.13254229307981408,0.9986686614107662,0.867457706920186,18.62670322259267,0.5416382383555174,0.01961468578277466,1.4125020603338878,5.892870903015137,0.00029662292086088377,405.7571450639516,0.12494757644405279,8.0,0.14456226222682744,7.67282756169637,45.11933080355326,kasa,roberta-base,24,8,outputs/kasa_mechanistic/full/exp2_update_frame/kasa_sst2_lr1e-3_s123/results.json,kasa_sst2_lr1e-3_s123,"query,value",sst2
outputs/kasa_mechanistic/full/exp3_weighted_rank_ablation/kasa/sst2_lr1e-3_s42,0.28764249684914645,17.834319924454295,0.001304829308781894,0.1296821051890912,0.9986951706912182,0.8703178948109088,17.8321400086085,0.49020609073340893,0.01555068879679311,1.330445231248935,5.771314332882564,0.0002727541859965674,376.0150691587478,0.09933342823933344,8.0,0.11488411703612655,7.67282756169637,45.11933080355326,kasa,roberta-base,24,8,outputs/kasa_mechanistic/full/exp2_update_frame/kasa_sst2_lr1e-3_s42/results.json,kasa_sst2_lr1e-3_s42,"query,value",sst2
outputs/kasa_mechanistic/full/exp3_weighted_rank_ablation/kasa/sst2_lr1e-4_s0,0.11779562217462032,4.169448112616505,0.0013786873757247688,0.1024512092432549,0.9986213126242753,0.8975487907567449,4.168945699930191,0.02735459915129468,0.0036479058355022667,2.7679200768470764,3.0420458167791367,0.000976735524043076,19.306113222128868,0.02487499950878676,8.0,0.02852290534428903,7.67282756169637,45.11933080355326,kasa,roberta-base,24,8,outputs/kasa_mechanistic/full/exp2_update_frame/kasa_sst2_lr1e-4_s0/results.json,kasa_sst2_lr1e-4_s0,"query,value",sst2
outputs/kasa_mechanistic/full/exp3_weighted_rank_ablation/kasa/sst2_lr1e-4_s123,0.11950759399679957,4.225672998447638,0.0014418738465445875,0.16613878924950629,0.9985581261534553,0.833861210750494,4.225164204835892,0.030308722557189565,0.0043952655963342595,3.056775152683258,3.2687248637278876,0.0009583132469045916,20.411283096570212,0.02437021429462523,8.0,0.028765479890959494,7.67282756169637,45.11933080355326,kasa,roberta-base,24,8,outputs/kasa_mechanistic/full/exp2_update_frame/kasa_sst2_lr1e-4_s123/results.json,kasa_sst2_lr1e-4_s123,"query,value",sst2
outputs/kasa_mechanistic/full/exp3_weighted_rank_ablation/kasa/sst2_lr1e-4_s42,0.1130983931834349,4.061576139373608,0.001402570465607042,0.1286906640248582,0.998597429534393,0.8713093359751417,4.061087543765704,0.0273202659348802,0.004519136526747995,2.8599242319663367,3.0087749361991882,0.0010281586321181548,18.688488046163304,0.023884557694448933,8.0,0.02840369422119693,7.67282756169637,45.11933080355326,kasa,roberta-base,24,8,outputs/kasa_mechanistic/full/exp2_update_frame/kasa_sst2_lr1e-4_s42/results.json,kasa_sst2_lr1e-4_s42,"query,value",sst2
outputs/kasa_mechanistic/full/exp3_weighted_rank_ablation/kasa/sst2_lr3e-3_s0,0.21301206323913327,11.75098791891695,0.001338970247918599,0.14717738379387238,0.9986610297520815,0.8528226162061275,11.749549130598703,0.23346962127834558,0.010865973144367066,0.40737377665936947,5.057059382398923,0.0003408124273078011,176.75209842529148,0.05747588569587,8.0,0.06834185884023707,7.67282756169637,45.11933080355326,kasa,roberta-base,24,8,outputs/kasa_mechanistic/full/exp2_update_frame/kasa_sst2_lr3e-3_s0/results.json,kasa_sst2_lr3e-3_s0,"query,value",sst2
outputs/kasa_mechanistic/full/exp3_weighted_rank_ablation/kasa/sst2_lr3e-3_s123,0.2307315422310284,11.752422433905169,0.001351159050375834,0.15578989607259228,0.998648840949624,0.8442101039274078,11.75098866224289,0.2332153586515536,0.014165784899281183,0.41878839830557507,5.161484782894452,0.00043427444878714596,168.70648270170204,0.06177376131381607,8.0,0.07593954621309724,7.67282756169637,45.11933080355326,kasa,roberta-base,24,8,outputs/kasa_mechanistic/full/exp2_update_frame/kasa_sst2_lr3e-3_s123/results.json,kasa_sst2_lr3e-3_s123,"query,value",sst2
outputs/kasa_mechanistic/full/exp3_weighted_rank_ablation/kasa/sst2_lr3e-3_s42,0.23901119025921821,11.944962783920104,0.0013684148207718262,0.13043331547511675,0.9986315851792279,0.8695666845248833,11.9435083369414,0.245282131092002,0.014186888611220638,0.4245240315794945,5.035719056924184,0.0004113615428586949,177.27380120987073,0.08030273851848808,8.0,0.09448962712970872,7.67282756169637,45.11933080355326,kasa,roberta-base,24,8,outputs/kasa_mechanistic/full/exp2_update_frame/kasa_sst2_lr3e-3_s42/results.json,kasa_sst2_lr3e-3_s42,"query,value",sst2
outputs/kasa_mechanistic/full/exp3_weighted_rank_ablation/kasa/sst2_lr3e-4_s0,0.20720021739895442,10.856676999314613,0.0013684222916116112,0.14516938902740273,0.9986315777083884,0.8548306109725973,10.855353852113089,0.17124789829055467,0.012391478710924275,2.73401869336764,4.4500457892815275,0.00045694344834900204,124.904679518193,0.058282727322269544,8.0,0.07067420603319381,7.67282756169637,45.11933080355326,kasa,roberta-base,24,8,outputs/kasa_mechanistic/full/exp2_update_frame/kasa_sst2_lr3e-4_s0/results.json,kasa_sst2_lr3e-4_s0,"query,value",sst2
outputs/kasa_mechanistic/full/exp3_weighted_rank_ablation/kasa/sst2_lr3e-4_s123,0.21007614680684802,11.204549869024936,0.0013339947496166264,0.149699621585491,0.9986660052503836,0.8503003784145089,11.20317792892456,0.18250386510044336,0.011627165377528096,3.006442522009214,4.634040559331576,0.00042064561707739475,134.6347703874732,0.05852953271823935,8.0,0.07015669809576745,7.67282756169637,45.11933080355326,kasa,roberta-base,24,8,outputs/kasa_mechanistic/full/exp2_update_frame/kasa_sst2_lr3e-4_s123/results.json,kasa_sst2_lr3e-4_s123,"query,value",sst2
outputs/kasa_mechanistic/full/exp3_weighted_rank_ablation/kasa/sst2_lr3e-4_s42,0.20466277199027672,10.965191421996884,0.0013898879791768126,0.154128302201496,0.9986101120208231,0.845871697798504,10.963856875896454,0.18311481705556312,0.013036880842264509,2.8269588698943457,4.409424309929212,0.000489460969092997,130.41776850788543,0.057314031809558706,8.0,0.07035091265182321,7.67282756169637,45.11933080355326,kasa,roberta-base,24,8,outputs/kasa_mechanistic/full/exp2_update_frame/kasa_sst2_lr3e-4_s42/results.json,kasa_sst2_lr3e-4_s42,"query,value",sst2
outputs/kasa_mechanistic/full/exp3_weighted_rank_ablation/lora/cola_lr1e-3_s0,0.19791564676302106,15.235749459157754,0.0012907086740832354,0.14814893976310753,0.9987092913259167,0.8518510602368924,15.235622922579447,0.33472189245124656,0.006519345197981845,0.0,5.587037488818169,0.0001653451779312742,257.3628174370776,0.045824452167532094,8.0,0.05234379736551394,7.672355512777965,45.11935226122538,lora,roberta-base,24,8,outputs/kasa_mechanistic/full/exp2_update_frame/lora_cola_lr1e-3_s0/results.json,lora_cola_lr1e-3_s0,"query,value",cola
outputs/kasa_mechanistic/full/exp3_weighted_rank_ablation/lora/cola_lr1e-3_s123,0.19244229341867483,14.642477696222025,0.001332080432766618,0.12755618844671326,0.9986679195672336,0.8724438115532868,14.642349004745483,0.31595183443278074,0.0049429357386543415,0.0,5.663846090435982,0.00018383699823021352,233.93437305061767,0.037744201484504934,8.0,0.042687137223159276,7.672355512777965,45.11935226122538,lora,roberta-base,24,8,outputs/kasa_mechanistic/full/exp2_update_frame/lora_cola_lr1e-3_s123/results.json,lora_cola_lr1e-3_s123,"query,value",cola
outputs/kasa_mechanistic/full/exp3_weighted_rank_ablation/lora/cola_lr1e-3_s42,0.20017741849418605,15.157886082858994,0.0013179378037108556,0.12554057208817893,0.9986820621962891,0.8744594279118211,15.15776296456655,0.3358144126832485,0.006098433090907444,0.0,5.691245247920354,0.00018391513507626264,255.10012950872382,0.04389730456387042,8.0,0.04999573765477786,7.672355512777965,45.11935226122538,lora,roberta-base,24,8,outputs/kasa_mechanistic/full/exp2_update_frame/lora_cola_lr1e-3_s42/results.json,lora_cola_lr1e-3_s42,"query,value",cola
outputs/kasa_mechanistic/full/exp3_weighted_rank_ablation/lora/cola_lr1e-4_s0,0.035407832658018064,1.3997898317449442,0.0013474712746002185,0.12755721301518957,0.9986525287253998,0.8724427869848106,1.3997751995921135,0.003675395145061581,0.00022694599481572672,0.0,3.8329446663459144,0.000637010935292885,2.71960778520103,0.005068226244844709,8.0,0.0052951722396604355,7.672355512777965,45.11935226122538,lora,roberta-base,24,8,outputs/kasa_mechanistic/full/exp2_update_frame/lora_cola_lr1e-4_s0/results.json,lora_cola_lr1e-4_s0,"query,value",cola
outputs/kasa_mechanistic/full/exp3_weighted_rank_ablation/lora/cola_lr1e-4_s123,0.03652901795758399,1.4432274603611004,0.0013083509056136305,0.14799476784996302,0.9986916490943862,0.8520052321500371,1.4432124172647793,0.003876393054573176,0.00017572034016666294,0.0,3.8527402381102243,0.0005880283635457633,2.713767208144418,0.0046694635509538784,8.0,0.004845183891120541,7.672355512777965,45.11935226122538,lora,roberta-base,24,8,outputs/kasa_mechanistic/full/exp2_update_frame/lora_cola_lr1e-4_s123/results.json,lora_cola_lr1e-4_s123,"query,value",cola
outputs/kasa_mechanistic/full/exp3_weighted_rank_ablation/lora/cola_lr1e-4_s42,0.03387332138484038,1.455083356708314,0.0013448799069727254,0.13344292571480357,0.9986551200930273,0.8665570742851965,1.455067900319894,0.0037487630712954947,0.00013630123353181034,0.0,3.821405664086342,0.000531267478440069,2.8217920353345107,0.004075543580955336,8.0,0.004211844814487146,7.672355512777965,45.11935226122538,lora,roberta-base,24,8,outputs/kasa_mechanistic/full/exp2_update_frame/lora_cola_lr1e-4_s42/results.json,lora_cola_lr1e-4_s42,"query,value",cola
outputs/kasa_mechanistic/full/exp3_weighted_rank_ablation/lora/cola_lr3e-3_s0,0.2129276195235288,10.403062345857451,0.0013395226887873235,0.137647804119368,0.9986604773112128,0.862352195880632,10.402967989444733,0.1566630887488524,0.011222971417737426,0.0,4.4689958443244295,0.00045572209630636234,116.21883234505852,0.06810302333057432,8.0,0.07932599474831174,7.672355512777965,45.11935226122538,lora,roberta-base,24,8,outputs/kasa_mechanistic/full/exp2_update_frame/lora_cola_lr3e-3_s0/results.json,lora_cola_lr3e-3_s0,"query,value",cola
outputs/kasa_mechanistic/full/exp3_weighted_rank_ablation/lora/cola_lr3e-3_s123,0.2582049278293695,13.79847283405679,0.0013174361065880658,0.12864241734314233,0.998682563893412,0.8713575826568577,13.798352320988974,0.25758256545911234,0.010516479441624446,0.0,4.425396685798963,0.00039696165456398796,196.9187975920116,0.07965399458286508,8.0,0.09017047402448952,7.672355512777965,45.11935226122538,lora,roberta-base,24,8,outputs/kasa_mechanistic/full/exp2_update_frame/lora_cola_lr3e-3_s123/results.json,lora_cola_lr3e-3_s123,"query,value",cola
outputs/kasa_mechanistic/full/exp3_weighted_rank_ablation/lora/cola_lr3e-3_s42,0.20140699058589437,8.833319347899048,0.001385918808861376,0.1535645955477052,0.9986140811911386,0.8464354044522948,8.833242177963257,0.11545765741417806,0.010400382787944787,0.0,4.352887719869614,0.0006009552805261749,83.35491533732663,0.05494922437780284,8.0,0.06534960716574763,7.672355512777965,45.11935226122538,lora,roberta-base,24,8,outputs/kasa_mechanistic/full/exp2_update_frame/lora_cola_lr3e-3_s42/results.json,lora_cola_lr3e-3_s42,"query,value",cola
outputs/kasa_mechanistic/full/exp3_weighted_rank_ablation/lora/cola_lr3e-4_s0,0.09213666899025146,4.4177147871069105,0.0013540575248679905,0.1539270976253806,0.9986459424751319,0.8460729023746194,4.4176721175511675,0.032051203035128616,0.0023652220452277106,0.0,4.3361538996299105,0.0004777355141126211,23.07967810096064,0.016681251058192476,8.0,0.019046473103420187,7.672355512777965,45.11935226122538,lora,roberta-base,24,8,outputs/kasa_mechanistic/full/exp2_update_frame/lora_cola_lr3e-4_s0/results.json,lora_cola_lr3e-4_s0,"query,value",cola
outputs/kasa_mechanistic/full/exp3_weighted_rank_ablation/lora/cola_lr3e-4_s123,0.07833026293777967,4.343508494029633,0.0013134579756913579,0.167902812830522,0.9986865420243086,0.8320971871694779,4.343470950921376,0.028349656786303967,0.00124215479142246,0.0,4.360576868057251,0.00035196896940482744,21.542290589287102,0.008906055664435067,8.0,0.010148210455857528,7.672355512777965,45.11935226122538,lora,roberta-base,24,8,outputs/kasa_mechanistic/full/exp2_update_frame/lora_cola_lr3e-4_s123/results.json,lora_cola_lr3e-4_s123,"query,value",cola
outputs/kasa_mechanistic/full/exp3_weighted_rank_ablation/lora/cola_lr3e-4_s42,0.09305241125418039,4.7017117522088325,0.001345866166966655,0.1684530105597923,0.9986541338330334,0.8315469894402078,4.701665908098221,0.03370723132199297,0.00152209484319125,0.0,4.296596924463908,0.00042902058625081716,24.619783391516346,0.014685969318331141,8.0,0.01620806416152239,7.672355512777965,45.11935226122538,lora,roberta-base,24,8,outputs/kasa_mechanistic/full/exp2_update_frame/lora_cola_lr3e-4_s42/results.json,lora_cola_lr3e-4_s42,"query,value",cola
outputs/kasa_mechanistic/full/exp3_weighted_rank_ablation/lora_diag/cola_lr1e-3_s0,0.1927748678260259,13.600411530211067,0.0013135866079305707,0.16146487843582086,0.9986864133920695,0.8385351215641793,13.598742107550303,0.27482906946291524,0.007893814676208422,2.5032914876937866,5.528150459130605,0.00022448964541667215,208.1023674014335,0.03965211738250218,8.0,0.047545932058710605,7.67282756169637,45.11933080355326,lora_diag,roberta-base,24,8,outputs/kasa_mechanistic/full/exp2_update_frame/lora_diag_cola_lr1e-3_s0/results.json,lora_diag_cola_lr1e-3_s0,"query,value",cola
outputs/kasa_mechanistic/full/exp3_weighted_rank_ablation/lora_diag/cola_lr1e-3_s123,0.21174950281589924,13.891668528146544,0.0013071446198865296,0.13299291517141515,0.9986928553801134,0.8670070848285847,13.889959534009298,0.28824054667105276,0.00637835754120412,2.4967066943645477,5.4873065402110415,0.00022718518958122753,222.31860594482472,0.05748175752038757,8.0,0.06386011506159169,7.67282756169637,45.11933080355326,lora_diag,roberta-base,24,8,outputs/kasa_mechanistic/full/exp2_update_frame/lora_diag_cola_lr1e-3_s123/results.json,lora_diag_cola_lr1e-3_s123,"query,value",cola
outputs/kasa_mechanistic/full/exp3_weighted_rank_ablation/lora_diag/cola_lr1e-3_s42,0.19226863710177675,13.935142829478677,0.001340303229401079,0.14774205361684642,0.9986596967705988,0.8522579463831536,13.933438857396444,0.3092179922387004,0.00837807112354009,2.4872982104619346,5.495980287591617,0.00019888139768519116,225.98082520285,0.042859598882690385,8.0,0.051237670006230474,7.67282756169637,45.11933080355326,lora_diag,roberta-base,24,8,outputs/kasa_mechanistic/full/exp2_update_frame/lora_diag_cola_lr1e-3_s42/results.json,lora_diag_cola_lr1e-3_s42,"query,value",cola
outputs/kasa_mechanistic/full/exp3_weighted_rank_ablation/lora_diag/cola_lr1e-4_s0,0.04122861342938734,1.4957208581815065,0.0014150368508011135,0.14123492863360573,0.9985849631491988,0.858765071366394,1.4955404525001843,0.003943014812345306,0.00037150688261059867,2.905773957570394,3.6622145076592765,0.0009673740872406914,2.741228792894011,0.004682086599833231,8.0,0.00505359348244383,7.67282756169637,45.11933080355326,lora_diag,roberta-base,24,8,outputs/kasa_mechanistic/full/exp2_update_frame/lora_diag_cola_lr1e-4_s0/results.json,lora_diag_cola_lr1e-4_s0,"query,value",cola
outputs/kasa_mechanistic/full/exp3_weighted_rank_ablation/lora_diag/cola_lr1e-4_s123,0.03899199719669588,1.4855251248496362,0.0013380048871987555,0.13873954560434812,0.9986619951128012,0.8612604543956518,1.4853444521625836,0.0038620624982286245,0.00023499935862976903,2.903351128101349,3.6182415932416916,0.0007521898975591866,2.816945362186137,0.004740330507350639,8.0,0.004975329865980409,7.67282756169637,45.11933080355326,lora_diag,roberta-base,24,8,outputs/kasa_mechanistic/full/exp2_update_frame/lora_diag_cola_lr1e-4_s123/results.json,lora_diag_cola_lr1e-4_s123,"query,value",cola
outputs/kasa_mechanistic/full/exp3_weighted_rank_ablation/lora_diag/cola_lr1e-4_s42,0.03545651589443593,1.4648507166654714,0.0013624419917140612,0.13055096865988658,0.9986375580082859,0.8694490313401136,1.464672250052293,0.003882678094669245,0.00021520741014076825,2.89634175101916,3.692231376965841,0.0006541440855255205,2.736492234723604,0.0035635580275084067,8.0,0.003778765437649175,7.67282756169637,45.11933080355326,lora_diag,roberta-base,24,8,outputs/kasa_mechanistic/full/exp2_update_frame/lora_diag_cola_lr1e-4_s42/results.json,lora_diag_cola_lr1e-4_s42,"query,value",cola
outputs/kasa_mechanistic/full/exp3_weighted_rank_ablation/lora_diag/cola_lr3e-3_s0,0.29264998987369495,14.368719498153693,0.0013136262941430814,0.15187360900743999,0.9986863737058571,0.8481263909925602,14.36697151263555,0.33402532680581015,0.015353937951052407,2.222212309638659,4.928630655010541,0.0004182461922240055,250.8930140103524,0.12538235466975797,8.0,0.14073629262081036,7.67282756169637,45.11933080355326,lora_diag,roberta-base,24,8,outputs/kasa_mechanistic/full/exp2_update_frame/lora_diag_cola_lr3e-3_s0/results.json,lora_diag_cola_lr3e-3_s0,"query,value",cola
outputs/kasa_mechanistic/full/exp3_weighted_rank_ablation/lora_diag/cola_lr3e-3_s123,0.22695460986700589,9.984048248077388,0.001324579612213457,0.11780213171527258,0.9986754203877867,0.8821978682847273,9.982845147450766,0.15094796661287546,0.010131054994417354,2.588812693953514,3.9929305762052536,0.0005672291337473981,114.61711581703275,0.06809549052074242,8.0,0.07822654551515977,7.67282756169637,45.11933080355326,lora_diag,roberta-base,24,8,outputs/kasa_mechanistic/full/exp2_update_frame/lora_diag_cola_lr3e-3_s123/results.json,lora_diag_cola_lr3e-3_s123,"query,value",cola
outputs/kasa_mechanistic/full/exp3_weighted_rank_ablation/lora_diag/cola_lr3e-3_s42,0.27887083400171553,13.98488015756324,0.0013192616444101717,0.12670649523114808,0.9986807383555897,0.8732935047688519,13.98318084081014,0.31296329433098435,0.018872031253219273,2.37029659251372,4.527771820624669,0.0003880065678581089,239.10003665353483,0.1039618573364957,8.0,0.12283388858971496,7.67282756169637,45.11933080355326,lora_diag,roberta-base,24,8,outputs/kasa_mechanistic/full/exp2_update_frame/lora_diag_cola_lr3e-3_s42/results.json,lora_diag_cola_lr3e-3_s42,"query,value",cola
outputs/kasa_mechanistic/full/exp3_weighted_rank_ablation/lora_diag/cola_lr3e-4_s0,0.0948899080982119,4.696640734383446,0.0013959459205443127,0.17030307799873176,0.9986040540794557,0.8296969220012683,4.696070075035095,0.034463596530258656,0.0021744342714858553,2.980105976263682,4.426118776202202,0.0004801143771292519,24.627809413087864,0.015910243438459776,8.0,0.018084677709945634,7.67282756169637,45.11933080355326,lora_diag,roberta-base,24,8,outputs/kasa_mechanistic/full/exp2_update_frame/lora_diag_cola_lr3e-4_s0/results.json,lora_diag_cola_lr3e-4_s0,"query,value",cola
outputs/kasa_mechanistic/full/exp3_weighted_rank_ablation/lora_diag/cola_lr3e-4_s123,0.0986187087809599,4.675763955999586,0.0013306840626229508,0.11574253933131817,0.9986693159373771,0.8842574606686816,4.6751939455668134,0.03388079022988677,0.0016426173809425866,2.9787345131238303,4.5250580459833145,0.0004848087225954397,25.250003854278475,0.0221844634813048,8.0,0.023827080862247385,7.67282756169637,45.11933080355326,lora_diag,roberta-base,24,8,outputs/kasa_mechanistic/full/exp2_update_frame/lora_diag_cola_lr3e-4_s123/results.json,lora_diag_cola_lr3e-4_s123,"query,value",cola
outputs/kasa_mechanistic/full/exp3_weighted_rank_ablation/lora_diag/cola_lr3e-4_s42,0.10024980537290366,4.700035180317129,0.0013648344041641142,0.1336641557068008,0.998635165595836,0.8663358442931991,4.699460864067078,0.03537084527003268,0.002221589355637358,2.969699720541636,4.270774538318316,0.0005255722146028786,25.286468169419095,0.018866936954509583,8.0,0.021088526310146943,7.67282756169637,45.11933080355326,lora_diag,roberta-base,24,8,outputs/kasa_mechanistic/full/exp2_update_frame/lora_diag_cola_lr3e-4_s42/results.json,lora_diag_cola_lr3e-4_s42,"query,value",cola
outputs/kasa_mechanistic/full/exp3_weighted_rank_ablation/lora_diag_l2/cola_lr1e-3_s0,0.18864026646363738,13.219212001566348,0.0013477332968964324,0.1407740148670432,0.9986522667031036,0.8592259851329566,13.217596073945364,0.2682691014682253,0.006891287463076878,2.5471518139044442,5.522798418998718,0.0002595292375896199,198.5670729878669,0.03875452966167359,8.0,0.045645817124750465,7.67282756169637,45.11933080355326,lora_diag_l2,roberta-base,24,8,outputs/kasa_mechanistic/full/exp2_update_frame/lora_diag_l2_cola_lr1e-3_s0/results.json,lora_diag_l2_cola_lr1e-3_s0,"query,value",cola
outputs/kasa_mechanistic/full/exp3_weighted_rank_ablation/lora_diag_l2/cola_lr1e-3_s123,0.1938863052954882,13.525656880778568,0.0013039556451083622,0.11835154663865331,0.9986960443548917,0.8816484533613465,13.523994783560434,0.28652698391427595,0.005721407762090773,2.4993037780125937,5.500510935982068,0.0002428723413350146,217.139538461032,0.04411613074474493,8.0,0.0498375385068357,7.67282756169637,45.11933080355326,lora_diag_l2,roberta-base,24,8,outputs/kasa_mechanistic/full/exp2_update_frame/lora_diag_l2_cola_lr1e-3_s123/results.json,lora_diag_l2_cola_lr1e-3_s123,"query,value",cola
outputs/kasa_mechanistic/full/exp3_weighted_rank_ablation/lora_diag_l2/cola_lr1e-3_s42,0.22383549083832122,13.467314362054365,0.0013252119871158595,0.15230120200782282,0.9986747880128841,0.847698797992177,13.465659379959106,0.2884746839602788,0.01172754265887003,2.5234630008538566,5.439760317405065,0.0002645007748261083,213.7030303031206,0.06745889915449273,8.0,0.07918644181336276,7.67282756169637,45.11933080355326,lora_diag_l2,roberta-base,24,8,outputs/kasa_mechanistic/full/exp2_update_frame/lora_diag_l2_cola_lr1e-3_s42/results.json,lora_diag_l2_cola_lr1e-3_s42,"query,value",cola
outputs/kasa_mechanistic/full/exp3_weighted_rank_ablation/lora_diag_l2/cola_lr1e-4_s0,0.04277469852021232,1.4963427946206933,0.0014368493990098558,0.14175800483663367,0.9985631506009899,0.8582419951633665,1.4961627076069515,0.004010471023017696,0.0004602008154203456,2.8783877392609916,3.5218384514252343,0.0010686728518373289,2.71987340120783,0.004892739507946923,8.0,0.005352940323367268,7.67282756169637,45.11933080355326,lora_diag_l2,roberta-base,24,8,outputs/kasa_mechanistic/full/exp2_update_frame/lora_diag_l2_cola_lr1e-4_s0/results.json,lora_diag_l2_cola_lr1e-4_s0,"query,value",cola
outputs/kasa_mechanistic/full/exp3_weighted_rank_ablation/lora_diag_l2/cola_lr1e-4_s123,0.035120189578837634,1.4554311838607514,0.0013186536031474735,0.1347205502112371,0.9986813463968524,0.8652794497887629,1.4552537177999814,0.0036656706433859654,0.00017152658205077387,2.8697358866532645,3.682624414563179,0.0005825283507473905,2.7505286287365984,0.0045071071219619325,8.0,0.004678633704012706,7.67282756169637,45.11933080355326,lora_diag_l2,roberta-base,24,8,outputs/kasa_mechanistic/full/exp2_update_frame/lora_diag_l2_cola_lr1e-4_s123/results.json,lora_diag_l2_cola_lr1e-4_s123,"query,value",cola
outputs/kasa_mechanistic/full/exp3_weighted_rank_ablation/lora_diag_l2/cola_lr1e-4_s42,0.03520497563809259,1.4722143452397087,0.0013599383872358974,0.12358904605977776,0.9986400616127639,0.8764109539402222,1.4720346902807553,0.004111075405186663,0.00018532117672028411,2.87232772509257,3.7533853550752005,0.0006004085029250569,2.8133914604744255,0.00401284196413106,8.0,0.004198163140851345,7.67282756169637,45.11933080355326,lora_diag_l2,roberta-base,24,8,outputs/kasa_mechanistic/full/exp2_update_frame/lora_diag_l2_cola_lr1e-4_s42/results.json,lora_diag_l2_cola_lr1e-4_s42,"query,value",cola
outputs/kasa_mechanistic/full/exp3_weighted_rank_ablation/lora_diag_l2/cola_lr3e-3_s0,0.2986880222759759,13.416083990542539,0.0013134460637751087,0.13487085996736586,0.9986865539362247,0.8651291400326341,13.414460639158884,0.2741210150221984,0.01730201240328218,2.102703019976616,4.662748351693153,0.0004780100057332389,209.65958971902728,0.1229338515913696,8.0,0.1402358639946518,7.67282756169637,45.11933080355326,lora_diag_l2,roberta-base,24,8,outputs/kasa_mechanistic/full/exp2_update_frame/lora_diag_l2_cola_lr3e-3_s0/results.json,lora_diag_l2_cola_lr3e-3_s0,"query,value",cola
outputs/kasa_mechanistic/full/exp3_weighted_rank_ablation/lora_diag_l2/cola_lr3e-3_s123,0.202838558414434,10.68578644676233,0.0013392858770066443,0.15211502241473426,0.9986607141229934,0.8478849775852657,10.68449225028356,0.16922829113900661,0.008288735888830464,2.2434034993251166,4.236347789565722,0.0003982621616096818,126.28947983620067,0.05619417466004961,8.0,0.06448291054888007,7.67282756169637,45.11933080355326,lora_diag_l2,roberta-base,24,8,outputs/kasa_mechanistic/full/exp2_update_frame/lora_diag_l2_cola_lr3e-3_s123/results.json,lora_diag_l2_cola_lr3e-3_s123,"query,value",cola
outputs/kasa_mechanistic/full/exp3_weighted_rank_ablation/lora_diag_l2/cola_lr3e-3_s42,0.24610788193705765,12.122816406838078,0.0013024407806133647,0.13572907620682448,0.9986975592193866,0.8642709237931756,12.121349513530731,0.22630575144042572,0.010184206637859461,2.2786890317996344,4.114061613877614,0.0004085632307701883,173.6090363378947,0.10164338970510774,8.0,0.1118275963429672,7.67282756169637,45.11933080355326,lora_diag_l2,roberta-base,24,8,outputs/kasa_mechanistic/full/exp2_update_frame/lora_diag_l2_cola_lr3e-3_s42/results.json,lora_diag_l2_cola_lr3e-3_s42,"query,value",cola
outputs/kasa_mechanistic/full/exp3_weighted_rank_ablation/lora_diag_l2/cola_lr3e-4_s0,0.09701842906670188,4.60331665082874,0.0013813415251091353,0.1382141542334716,0.998618658474891,0.8617858457665285,4.602757463852565,0.03355535682446013,0.0026169736615884176,2.9421359101931253,4.399722506602605,0.0006175500916824303,23.819630972381372,0.018539133649179956,8.0,0.021156107310768373,7.67282756169637,45.11933080355326,lora_diag_l2,roberta-base,24,8,outputs/kasa_mechanistic/full/exp2_update_frame/lora_diag_l2_cola_lr3e-4_s0/results.json,lora_diag_l2_cola_lr3e-4_s0,"query,value",cola
outputs/kasa_mechanistic/full/exp3_weighted_rank_ablation/lora_diag_l2/cola_lr3e-4_s123,0.08830739921663788,4.558739253906702,0.001330624770167637,0.12040915358546579,0.9986693752298325,0.8795908464145343,4.558185050884883,0.03182811969115088,0.0013724431936073718,2.934854875008265,4.568272580703099,0.0004670030525569448,23.723256057167116,0.016321616888338514,8.0,0.01769406008194589,7.67282756169637,45.11933080355326,lora_diag_l2,roberta-base,24,8,outputs/kasa_mechanistic/full/exp2_update_frame/lora_diag_l2_cola_lr3e-4_s123/results.json,lora_diag_l2_cola_lr3e-4_s123,"query,value",cola
outputs/kasa_mechanistic/full/exp3_weighted_rank_ablation/lora_diag_l2/cola_lr3e-4_s42,0.09655161806400431,4.710736373345921,0.0013930690668060826,0.1478016214688302,0.9986069309331939,0.8521983785311696,4.710161904493968,0.03577603135878841,0.0024065530750097728,2.9377133746941886,4.356788784265518,0.0005289044330441446,25.073496369179338,0.015928043034818984,8.0,0.018334596109828755,7.67282756169637,45.11933080355326,lora_diag_l2,roberta-base,24,8,outputs/kasa_mechanistic/full/exp2_update_frame/lora_diag_l2_cola_lr3e-4_s42/results.json,lora_diag_l2_cola_lr3e-4_s42,"query,value",cola
outputs/kasa_mechanistic/full/exp3_weighted_rank_ablation/lora_diag_l2/mrpc_lr1e-3_s0,0.21272407363604698,9.49446858555734,0.001312970117271677,0.1397185751875998,0.9986870298827283,0.8602814248124003,9.493321001529694,0.1428380350310666,0.01006030444902232,2.7401450673739114,4.329871937632561,0.0005159253907977538,108.335040297107,0.06766003776465368,8.0,0.077720342213676,7.67282756169637,45.11933080355326,lora_diag_l2,roberta-base,24,8,outputs/kasa_mechanistic/full/exp2_update_frame/lora_diag_l2_mrpc_lr1e-3_s0/results.json,lora_diag_l2_mrpc_lr1e-3_s0,"query,value",mrpc
outputs/kasa_mechanistic/full/exp3_weighted_rank_ablation/lora_diag_l2/mrpc_lr1e-3_s123,0.17279424856114559,9.662317979340726,0.0013287228971337842,0.13008711548801244,0.9986712771028662,0.8699128845119874,9.66114628314972,0.14346031076274812,0.004430795008374844,2.687763919432958,4.3672889371713,0.00032650692120207904,107.48172271523315,0.03287840421398869,8.0,0.03730919922236353,7.67282756169637,45.11933080355326,lora_diag_l2,roberta-base,24,8,outputs/kasa_mechanistic/full/exp2_update_frame/lora_diag_l2_mrpc_lr1e-3_s123/results.json,lora_diag_l2_mrpc_lr1e-3_s123,"query,value",mrpc
outputs/kasa_mechanistic/full/exp3_weighted_rank_ablation/lora_diag_l2/mrpc_lr1e-3_s42,0.18021857243209036,9.638775975027295,0.0013066897541312262,0.11563793950084654,0.9986933102458689,0.8843620604991537,9.637609879175821,0.14211546117439866,0.005839813712555042,2.70295912027359,4.26233113805453,0.00034429757824233956,107.34833889470126,0.04356319134391621,8.0,0.04940300505647125,7.67282756169637,45.11933080355326,lora_diag_l2,roberta-base,24,8,outputs/kasa_mechanistic/full/exp2_update_frame/lora_diag_l2_mrpc_lr1e-3_s42/results.json,lora_diag_l2_mrpc_lr1e-3_s42,"query,value",mrpc
outputs/kasa_mechanistic/full/exp3_weighted_rank_ablation/lora_diag_l2/mrpc_lr1e-4_s0,0.023786229191783095,0.9677215625689736,0.0013506650529515364,0.14730716040145334,0.9986493349470483,0.8526928395985468,0.967604915301005,0.0016619158232060727,0.00010489909582626449,2.853770057360331,3.488754947980245,0.0006397835814135432,1.2037439173764142,0.0009172475515507964,8.0,0.0010221466473770608,7.67282756169637,45.11933080355326,lora_diag_l2,roberta-base,24,8,outputs/kasa_mechanistic/full/exp2_update_frame/lora_diag_l2_mrpc_lr1e-4_s0/results.json,lora_diag_l2_mrpc_lr1e-4_s0,"query,value",mrpc
outputs/kasa_mechanistic/full/exp3_weighted_rank_ablation/lora_diag_l2/mrpc_lr1e-4_s123,0.020035347156471973,0.9815078344386494,0.001367425947581104,0.15553562654469125,0.9986325740524188,0.8444643734553087,0.9813895548383395,0.0016625940515950788,0.00010784771871878245,2.8556665082772574,3.415929898619652,0.0005002619239133753,1.1918319593157018,0.0004922733363154445,8.0,0.000600121055034227,7.67282756169637,45.11933080355326,lora_diag_l2,roberta-base,24,8,outputs/kasa_mechanistic/full/exp2_update_frame/lora_diag_l2_mrpc_lr1e-4_s123/results.json,lora_diag_l2_mrpc_lr1e-4_s123,"query,value",mrpc
outputs/kasa_mechanistic/full/exp3_weighted_rank_ablation/lora_diag_l2/mrpc_lr1e-4_s42,0.021616090851051085,0.9788160680577587,0.0013668155811888299,0.14639227238679323,0.9986331844188111,0.8536077276132068,0.9786982623239359,0.001652588062521924,8.825165299223651e-05,2.8523961007595062,3.5465856790542603,0.0005729921215254679,1.2332699637978901,0.0007136007235336214,8.0,0.0008018523765258578,7.67282756169637,45.11933080355326,lora_diag_l2,roberta-base,24,8,outputs/kasa_mechanistic/full/exp2_update_frame/lora_diag_l2_mrpc_lr1e-4_s42/results.json,lora_diag_l2_mrpc_lr1e-4_s42,"query,value",mrpc
outputs/kasa_mechanistic/full/exp3_weighted_rank_ablation/lora_diag_l2/mrpc_lr3e-3_s0,0.1884243493015979,8.759607136980739,0.0013284232794926994,0.11199900558477423,0.9986715767205072,0.8880009944152257,8.758558829625448,0.11404082373095055,0.004874619468561529,2.549759844938914,3.5127124240001044,0.00045795197153422883,84.70855636203972,0.04643861323953994,8.0,0.051313232708101474,7.67282756169637,45.11933080355326,lora_diag_l2,roberta-base,24,8,outputs/kasa_mechanistic/full/exp2_update_frame/lora_diag_l2_mrpc_lr3e-3_s0/results.json,lora_diag_l2_mrpc_lr3e-3_s0,"query,value",mrpc
outputs/kasa_mechanistic/full/exp3_weighted_rank_ablation/lora_diag_l2/mrpc_lr3e-3_s123,0.22201282937251968,10.690184220404282,0.0013339615329502179,0.13022186839652375,0.9986660384670497,0.8697781316034762,10.688906689484915,0.16949261631816626,0.011192083761367636,2.531293352444967,4.188343788186709,0.0004499864457214594,125.66263567004353,0.05742501418474907,8.0,0.0686170979461167,7.67282756169637,45.11933080355326,lora_diag_l2,roberta-base,24,8,outputs/kasa_mechanistic/full/exp2_update_frame/lora_diag_l2_mrpc_lr3e-3_s123/results.json,lora_diag_l2_mrpc_lr3e-3_s123,"query,value",mrpc
outputs/kasa_mechanistic/full/exp3_weighted_rank_ablation/lora_diag_l2/mrpc_lr3e-3_s42,0.3339220988990134,14.854911282459355,0.001310256145620074,0.1294474742619397,0.99868974385438,0.8705525257380603,14.853127340475718,0.3769979909993708,0.017829543248808477,2.4263740181922913,3.5943921357393265,0.0004504630163052403,284.50952922940877,0.17367841319113117,8.0,0.19150795643993965,7.67282756169637,45.11933080355326,lora_diag_l2,roberta-base,24,8,outputs/kasa_mechanistic/full/exp2_update_frame/lora_diag_l2_mrpc_lr3e-3_s42/results.json,lora_diag_l2_mrpc_lr3e-3_s42,"query,value",mrpc
outputs/kasa_mechanistic/full/exp3_weighted_rank_ablation/lora_diag_l2/mrpc_lr3e-4_s0,0.06755208908714158,2.724538690656305,0.0013583326525370065,0.131299490837021,0.9986416673474631,0.8687005091629788,2.724211727579435,0.01250578960753046,0.0008494370607650126,2.8799806038538613,3.991739645600319,0.0006620373640034739,8.778682559718922,0.0072215496395908,8.0,0.008070986700355812,7.67282756169637,45.11933080355326,lora_diag_l2,roberta-base,24,8,outputs/kasa_mechanistic/full/exp2_update_frame/lora_diag_l2_mrpc_lr3e-4_s0/results.json,lora_diag_l2_mrpc_lr3e-4_s0,"query,value",mrpc
outputs/kasa_mechanistic/full/exp3_weighted_rank_ablation/lora_diag_l2/mrpc_lr3e-4_s123,0.05866990104979536,2.6863644198409418,0.0013601727086953192,0.11182279381851395,0.9986398272913046,0.8881772061814862,2.686040664712588,0.012849894740308324,0.0005200787375088112,2.868659277757009,4.030943373839061,0.0004922001343074751,9.34641446910488,0.005394215977579127,8.0,0.005914294715087938,7.67282756169637,45.11933080355326,lora_diag_l2,roberta-base,24,8,outputs/kasa_mechanistic/full/exp2_update_frame/lora_diag_l2_mrpc_lr3e-4_s123/results.json,lora_diag_l2_mrpc_lr3e-4_s123,"query,value",mrpc
outputs/kasa_mechanistic/full/exp3_weighted_rank_ablation/lora_diag_l2/mrpc_lr3e-4_s42,0.05917572161369438,2.917523874313384,0.0013659861623702696,0.12066192851632519,0.9986340138376296,0.8793380714836748,2.9171725660562515,0.014067285519558936,0.000812080854151039,2.888651212056478,4.072318285703659,0.00047407917427969644,10.123879558581393,0.004812114911298219,8.0,0.005624195765449258,7.67282756169637,45.11933080355326,lora_diag_l2,roberta-base,24,8,outputs/kasa_mechanistic/full/exp2_update_frame/lora_diag_l2_mrpc_lr3e-4_s42/results.json,lora_diag_l2_mrpc_lr3e-4_s42,"query,value",mrpc
outputs/kasa_mechanistic/full/exp3_weighted_rank_ablation/lora_diag_l2/rte_lr1e-3_s0,0.19962571747717126,9.40473802120592,0.0012970127547714545,0.12030532182628968,0.9987029872452284,0.8796946781737104,9.403603434562683,0.13128739579891166,0.00707234048331884,2.635484347740809,4.587980071703593,0.00047121065339854486,99.38451514656965,0.05022493128035421,8.0,0.05729727176367305,7.67282756169637,45.11933080355326,lora_diag_l2,roberta-base,24,8,outputs/kasa_mechanistic/full/exp2_update_frame/lora_diag_l2_rte_lr1e-3_s0/results.json,lora_diag_l2_rte_lr1e-3_s0,"query,value",rte
outputs/kasa_mechanistic/full/exp3_weighted_rank_ablation/lora_diag_l2/rte_lr1e-3_s123,0.24772437145154383,9.8506934647381,0.0013660694985946117,0.1505532390038492,0.9986339305014055,0.8494467609961508,9.849508702754974,0.1582432334932188,0.01946085902818595,2.644325772921244,4.537333379189174,0.0006495536833424876,110.51384316431358,0.0850604321276478,8.0,0.10452129115583375,7.67282756169637,45.11933080355326,lora_diag_l2,roberta-base,24,8,outputs/kasa_mechanistic/full/exp2_update_frame/lora_diag_l2_rte_lr1e-3_s123/results.json,lora_diag_l2_rte_lr1e-3_s123,"query,value",rte
outputs/kasa_mechanistic/full/exp3_weighted_rank_ablation/lora_diag_l2/rte_lr1e-3_s42,0.05545172247229333,2.474739397079754,0.0013244770873777928,0.13314351397574276,0.9986755229126222,0.8668564860242572,2.474444185694059,0.00862566833772386,0.0006663413292547679,2.591640591621399,3.4979485174020133,0.0006032303823656359,6.467225480029204,0.0041966102123751625,8.0,0.00486295154162993,7.67282756169637,45.11933080355326,lora_diag_l2,roberta-base,24,8,outputs/kasa_mechanistic/full/exp2_update_frame/lora_diag_l2_rte_lr1e-3_s42/results.json,lora_diag_l2_rte_lr1e-3_s42,"query,value",rte
outputs/kasa_mechanistic/full/exp3_weighted_rank_ablation/lora_diag_l2/rte_lr1e-4_s0,0.017816436202415742,0.9105143306736764,0.0013565405831991917,0.1837520690465034,0.9986434594168007,0.8162479309534966,0.9104044114549955,0.0013011332472766906,7.250831464489238e-05,2.829069197177887,3.6654958774646125,0.0003762203522793047,0.9608942370990311,0.0004498853867858088,8.0,0.0005223937014307012,7.67282756169637,45.11933080355326,lora_diag_l2,roberta-base,24,8,outputs/kasa_mechanistic/full/exp2_update_frame/lora_diag_l2_rte_lr1e-4_s0/results.json,lora_diag_l2_rte_lr1e-4_s0,"query,value",rte
outputs/kasa_mechanistic/full/exp3_weighted_rank_ablation/lora_diag_l2/rte_lr1e-4_s123,0.01756891258049706,0.8694608644210765,0.0013591339747248963,0.17986071253334016,0.9986408660252751,0.8201392874666596,0.8693558325370153,0.0011298650909642067,5.931723731104436e-05,2.8366454939047494,3.488706181446711,0.0005430809101171808,0.8569842284511348,0.0003381905494421744,8.0,0.0003975077867532188,7.67282756169637,45.11933080355326,lora_diag_l2,roberta-base,24,8,outputs/kasa_mechanistic/full/exp2_update_frame/lora_diag_l2_rte_lr1e-4_s123/results.json,lora_diag_l2_rte_lr1e-4_s123,"query,value",rte
outputs/kasa_mechanistic/full/exp3_weighted_rank_ablation/lora_diag_l2/rte_lr1e-4_s42,0.020101985859083932,0.8704178602861289,0.0013687461401068835,0.1915945143519294,0.9986312538598932,0.8084054856480706,0.870312557866176,0.0012896790861608072,0.00014436843824938705,2.8266993264357247,3.6867860605319343,0.0005439863971911004,0.8988852056603113,0.0007514305497148636,8.0,0.0008957989879642506,7.67282756169637,45.11933080355326,lora_diag_l2,roberta-base,24,8,outputs/kasa_mechanistic/full/exp2_update_frame/lora_diag_l2_rte_lr1e-4_s42/results.json,lora_diag_l2_rte_lr1e-4_s42,"query,value",rte
outputs/kasa_mechanistic/full/exp3_weighted_rank_ablation/lora_diag_l2/rte_lr3e-3_s0,0.21230161548697676,6.990139516221305,0.0014477829316962357,0.16449136909933862,0.9985522170683038,0.8355086309006615,6.9893007427453995,0.08514900663673568,0.008865809965906616,1.9915493577718735,3.249126980702082,0.0018382973299972075,64.99792787771246,0.06950071530157705,8.0,0.07836652526748367,7.67282756169637,45.11933080355326,lora_diag_l2,roberta-base,24,8,outputs/kasa_mechanistic/full/exp2_update_frame/lora_diag_l2_rte_lr3e-3_s0/results.json,lora_diag_l2_rte_lr3e-3_s0,"query,value",rte
outputs/kasa_mechanistic/full/exp3_weighted_rank_ablation/lora_diag_l2/rte_lr3e-3_s123,0.11617530171324608,4.75304530434441,0.001319704121300042,0.11421890455501706,0.9986802958787,0.8857810954449828,4.752471690376599,0.03903658037597779,0.003507085240471497,2.0019576425353685,2.8589461346467337,0.0008530431080965368,28.906833381998393,0.022541986367135298,8.0,0.026049071607606795,7.67282756169637,45.11933080355326,lora_diag_l2,roberta-base,24,8,outputs/kasa_mechanistic/full/exp2_update_frame/lora_diag_l2_rte_lr3e-3_s123/results.json,lora_diag_l2_rte_lr3e-3_s123,"query,value",rte
outputs/kasa_mechanistic/full/exp3_weighted_rank_ablation/lora_diag_l2/rte_lr3e-3_s42,0.2069055172627823,9.393835150270355,0.0014069554068256137,0.1552909577312059,0.9985930445931747,0.8447090422687942,9.392696231603622,0.13771032130656144,0.008497478551968621,2.3218441704909005,3.267972225944201,0.0007041181533241628,98.70712490046087,0.05400665628743203,8.0,0.06250413483940065,7.67282756169637,45.11933080355326,lora_diag_l2,roberta-base,24,8,outputs/kasa_mechanistic/full/exp2_update_frame/lora_diag_l2_rte_lr3e-3_s42/results.json,lora_diag_l2_rte_lr3e-3_s42,"query,value",rte
outputs/kasa_mechanistic/full/exp3_weighted_rank_ablation/lora_diag_l2/rte_lr3e-4_s0,0.06310258642587677,2.6781527209423395,0.0013573370133908155,0.1549140127867127,0.9986426629866091,0.8450859872132872,2.6778300354878106,0.010962838753281781,0.0008090721815581977,2.8499740660190582,4.184471160173416,0.0005461716441505165,8.110182588473739,0.005179719974573042,8.0,0.00598879215613124,7.67282756169637,45.11933080355326,lora_diag_l2,roberta-base,24,8,outputs/kasa_mechanistic/full/exp2_update_frame/lora_diag_l2_rte_lr3e-4_s0/results.json,lora_diag_l2_rte_lr3e-4_s0,"query,value",rte
outputs/kasa_mechanistic/full/exp3_weighted_rank_ablation/lora_diag_l2/rte_lr3e-4_s123,0.058951575358622034,2.655965011621672,0.001346576287566917,0.13181511324625808,0.9986534237124332,0.868184886753742,2.65564471979936,0.010704626319541907,0.0009598705469879102,2.8366452952226004,3.9660887022813163,0.0006539836518716103,8.013180365485217,0.00416099271851067,8.0,0.00512086326549858,7.67282756169637,45.11933080355326,lora_diag_l2,roberta-base,24,8,outputs/kasa_mechanistic/full/exp2_update_frame/lora_diag_l2_rte_lr3e-4_s123/results.json,lora_diag_l2_rte_lr3e-4_s123,"query,value",rte
outputs/kasa_mechanistic/full/exp3_weighted_rank_ablation/lora_diag_l2/rte_lr3e-4_s42,0.06009482660089327,2.729427191976884,0.0013809888915538554,0.1685163249825863,0.9986190111084462,0.8314836750174138,2.7290962239106498,0.011775638413382694,0.0012435127274936046,2.8504023452599845,4.187316606442134,0.0005208713639076464,8.495904777693795,0.0037626971299384118,8.0,0.005006209857432016,7.67282756169637,45.11933080355326,lora_diag_l2,roberta-base,24,8,outputs/kasa_mechanistic/full/exp2_update_frame/lora_diag_l2_rte_lr3e-4_s42/results.json,lora_diag_l2_rte_lr3e-4_s42,"query,value",rte
outputs/kasa_mechanistic/full/exp3_weighted_rank_ablation/lora_diag_l2/sst2_lr1e-3_s0,0.4262097474128703,23.95412502586174,0.0013295506495356192,0.1312287234131954,0.9986704493504642,0.8687712765868048,23.951178391774494,1.022733502400418,0.03969113099446986,1.058446077009042,6.306057314078013,0.00028375873680280703,792.8467647504682,0.31676865348223754,8.0,0.3564597844767074,7.67282756169637,45.11933080355326,lora_diag_l2,roberta-base,24,8,outputs/kasa_mechanistic/full/exp2_update_frame/lora_diag_l2_sst2_lr1e-3_s0/results.json,lora_diag_l2_sst2_lr1e-3_s0,"query,value",sst2
outputs/kasa_mechanistic/full/exp3_weighted_rank_ablation/lora_diag_l2/sst2_lr1e-3_s123,0.41075880155374694,24.180279869860655,0.001326465344296171,0.13636801741091537,0.998673534655704,0.8636319825890846,24.177328149477642,1.0536951459944248,0.047314799800612185,1.0783696224292119,6.2540533393621445,0.00027609840451912226,799.8347809078792,0.2544454867190022,8.0,0.30176028651961434,7.67282756169637,45.11933080355326,lora_diag_l2,roberta-base,24,8,outputs/kasa_mechanistic/full/exp2_update_frame/lora_diag_l2_sst2_lr1e-3_s123/results.json,lora_diag_l2_sst2_lr1e-3_s123,"query,value",sst2
outputs/kasa_mechanistic/full/exp3_weighted_rank_ablation/lora_diag_l2/sst2_lr1e-3_s42,0.41327963770528253,24.311803758863167,0.0013335685994313312,0.16437812758421066,0.9986664314005685,0.8356218724157894,24.308821241060894,1.1018611785645287,0.040912884469435085,1.0767076040307682,6.300312365094821,0.00026496574773199176,819.6993187072998,0.28475078805786325,8.0,0.32566367252729833,7.67282756169637,45.11933080355326,lora_diag_l2,roberta-base,24,8,outputs/kasa_mechanistic/full/exp2_update_frame/lora_diag_l2_sst2_lr1e-3_s42/results.json,lora_diag_l2_sst2_lr1e-3_s42,"query,value",sst2
outputs/kasa_mechanistic/full/exp3_weighted_rank_ablation/lora_diag_l2/sst2_lr1e-4_s0,0.1320120883639362,4.5101065610677855,0.0014840569556984304,0.13109855822047656,0.9985159430443016,0.8689014417795237,4.509562691052754,0.03672317361148695,0.007720961139208764,2.9620968997478485,3.6708742628494897,0.001157343380785312,23.199147704290226,0.037418121080766774,8.0,0.045139082219975535,7.67282756169637,45.11933080355326,lora_diag_l2,roberta-base,24,8,outputs/kasa_mechanistic/full/exp2_update_frame/lora_diag_l2_sst2_lr1e-4_s0/results.json,lora_diag_l2_sst2_lr1e-4_s0,"query,value",sst2
outputs/kasa_mechanistic/full/exp3_weighted_rank_ablation/lora_diag_l2/sst2_lr1e-4_s123,0.1297915515083967,4.489875062827157,0.0014223233453138874,0.14215453872574252,0.9985776766546861,0.8578454612742573,4.489333927631378,0.03429361374583095,0.006465237981653142,2.958293527364731,3.7166291922330856,0.0011216855472420152,22.95280263631139,0.035794336153685435,8.0,0.042259574135338575,7.67282756169637,45.11933080355326,lora_diag_l2,roberta-base,24,8,outputs/kasa_mechanistic/full/exp2_update_frame/lora_diag_l2_sst2_lr1e-4_s123/results.json,lora_diag_l2_sst2_lr1e-4_s123,"query,value",sst2
outputs/kasa_mechanistic/full/exp3_weighted_rank_ablation/lora_diag_l2/sst2_lr1e-4_s42,0.13350293227804427,4.522642806283021,0.0013878827202506575,0.14509061565259884,0.9986121172797494,0.8549093843474012,4.522098223368327,0.033220946051490806,0.006130003744146961,2.9579714834690094,3.52623288333416,0.0011794499814607314,22.896605989080854,0.03896599161907943,8.0,0.04509599536322639,7.67282756169637,45.11933080355326,lora_diag_l2,roberta-base,24,8,outputs/kasa_mechanistic/full/exp2_update_frame/lora_diag_l2_sst2_lr1e-4_s42/results.json,lora_diag_l2_sst2_lr1e-4_s42,"query,value",sst2
outputs/kasa_mechanistic/full/exp3_weighted_rank_ablation/lora_diag_l2/sst2_lr3e-3_s0,0.4149983039755442,23.349300103069112,0.0013324086088220659,0.15758451697772027,0.998667591391178,0.8424154830222798,23.346425731976826,0.9585680887103081,0.03707356989616528,0.15107323291401067,6.316141287485759,0.0002994833016037029,714.1579845820864,0.2525954222267804,8.0,0.28966899212294567,7.67282756169637,45.11933080355326,lora_diag_l2,roberta-base,24,8,outputs/kasa_mechanistic/full/exp2_update_frame/lora_diag_l2_sst2_lr3e-3_s0/results.json,lora_diag_l2_sst2_lr3e-3_s0,"query,value",sst2
outputs/kasa_mechanistic/full/exp3_weighted_rank_ablation/lora_diag_l2/sst2_lr3e-3_s123,0.3953739440813619,23.35581850823397,0.0013354787510934032,0.14377962216025233,0.9986645212489066,0.8562203778397478,23.352961262067158,0.9479889174302419,0.029310392594197765,0.15393451197693744,6.353706508874893,0.00030354378113099244,717.5931945542494,0.22625328873012526,8.0,0.255563681324323,7.67282756169637,45.11933080355326,lora_diag_l2,roberta-base,24,8,outputs/kasa_mechanistic/full/exp2_update_frame/lora_diag_l2_sst2_lr3e-3_s123/results.json,lora_diag_l2_sst2_lr3e-3_s123,"query,value",sst2
outputs/kasa_mechanistic/full/exp3_weighted_rank_ablation/lora_diag_l2/sst2_lr3e-3_s42,0.4470561452691941,24.50599509750275,0.0013421968693749663,0.13441573197675125,0.9986578031306251,0.8655842680232486,24.502989808718365,1.1297082876165707,0.04315512630031056,0.15850953478366137,6.3642481962839765,0.00033968176903965524,835.6348168080052,0.42192100292353035,8.0,0.46507612922384095,7.67282756169637,45.11933080355326,lora_diag_l2,roberta-base,24,8,outputs/kasa_mechanistic/full/exp2_update_frame/lora_diag_l2_sst2_lr3e-3_s42/results.json,lora_diag_l2_sst2_lr3e-3_s42,"query,value",sst2
outputs/kasa_mechanistic/full/exp3_weighted_rank_ablation/lora_diag_l2/sst2_lr3e-4_s0,0.24581809467927804,12.603987332556239,0.0013424089146914934,0.1597547255968885,0.9986575910853087,0.8402452744031114,12.602441112200419,0.23859337779382864,0.020610588077640084,2.8805318673451743,5.057336966196696,0.0004340633898309674,176.95990820912024,0.08515480401426127,8.0,0.10576539209190135,7.67282756169637,45.11933080355326,lora_diag_l2,roberta-base,24,8,outputs/kasa_mechanistic/full/exp2_update_frame/lora_diag_l2_sst2_lr3e-4_s0/results.json,lora_diag_l2_sst2_lr3e-4_s0,"query,value",sst2
outputs/kasa_mechanistic/full/exp3_weighted_rank_ablation/lora_diag_l2/sst2_lr3e-4_s123,0.2515629244483608,12.570784960058754,0.0013693609560153973,0.12690305246697695,0.9986306390439847,0.8730969475330229,12.569244503974915,0.2374081357071797,0.020598100178176537,2.8871030608812966,5.063872744639714,0.0005161442289668913,174.39507280352214,0.10193085632636212,8.0,0.12252895650453866,7.67282756169637,45.11933080355326,lora_diag_l2,roberta-base,24,8,outputs/kasa_mechanistic/full/exp2_update_frame/lora_diag_l2_sst2_lr3e-4_s123/results.json,lora_diag_l2_sst2_lr3e-4_s123,"query,value",sst2
outputs/kasa_mechanistic/full/exp3_weighted_rank_ablation/lora_diag_l2/sst2_lr3e-4_s42,0.22093849667741725,12.771831417861135,0.0013639794210139392,0.11995929927225242,0.9986360205789859,0.8800407007277476,12.770269791285196,0.24494226866712174,0.010729047725059596,2.889058063427607,4.935022364060084,0.00037255990171369114,181.2184623867894,0.07058619511553843,8.0,0.08131524284059803,7.67282756169637,45.11933080355326,lora_diag_l2,roberta-base,24,8,outputs/kasa_mechanistic/full/exp2_update_frame/lora_diag_l2_sst2_lr3e-4_s42/results.json,lora_diag_l2_sst2_lr3e-4_s42,"query,value",sst2
outputs/kasa_mechanistic/full/exp3_weighted_rank_ablation/lora_diag/mrpc_lr1e-3_s0,0.2002283305804016,9.613600218076769,0.0013849563248610611,0.12521585115551062,0.998615043675139,0.8747841488444892,9.61243678132693,0.15785289757574597,0.013397576356207233,2.755907585223516,4.335708245635033,0.0004575054091111815,109.59669004923974,0.05712461825563272,8.0,0.07052219461183995,7.67282756169637,45.11933080355326,lora_diag,roberta-base,24,8,outputs/kasa_mechanistic/full/exp2_update_frame/lora_diag_mrpc_lr1e-3_s0/results.json,lora_diag_mrpc_lr1e-3_s0,"query,value",mrpc
outputs/kasa_mechanistic/full/exp3_weighted_rank_ablation/lora_diag/mrpc_lr1e-3_s123,0.2157594985786229,9.806734802891768,0.0013845764712714342,0.1197170064054151,0.9986154235287286,0.880282993594585,9.805550456047058,0.15688819282998642,0.010361762905025293,2.747270405292511,4.412895719210307,0.0005662068211991293,111.63355641967307,0.07525319862816104,8.0,0.08561496153318633,7.67282756169637,45.11933080355326,lora_diag,roberta-base,24,8,outputs/kasa_mechanistic/full/exp2_update_frame/lora_diag_mrpc_lr1e-3_s123/results.json,lora_diag_mrpc_lr1e-3_s123,"query,value",mrpc
outputs/kasa_mechanistic/full/exp3_weighted_rank_ablation/lora_diag/mrpc_lr1e-3_s42,0.1865087478894104,10.058923495023043,0.001359368372435309,0.1437210431304616,0.9986406316275644,0.8562789568695387,10.057711799939474,0.1602194346487522,0.008589784368571904,2.7462865511576333,4.228299091259639,0.0003514134636530927,117.97547991697986,0.04744750621587931,8.0,0.056037290584451206,7.67282756169637,45.11933080355326,lora_diag,roberta-base,24,8,outputs/kasa_mechanistic/full/exp2_update_frame/lora_diag_mrpc_lr1e-3_s42/results.json,lora_diag_mrpc_lr1e-3_s42,"query,value",mrpc
outputs/kasa_mechanistic/full/exp3_weighted_rank_ablation/lora_diag/mrpc_lr1e-4_s0,0.025158609228761158,0.9630205827738901,0.0013696647659376818,0.14460151936570897,0.9986303352340621,0.855398480634291,0.9629044396181902,0.0016617666284825343,0.00012234786306919432,2.8749603827794394,3.5791718115409217,0.0007993864533256223,1.1976342756946299,0.0009768709512674907,8.0,0.001099218814336685,7.67282756169637,45.11933080355326,lora_diag,roberta-base,24,8,outputs/kasa_mechanistic/full/exp2_update_frame/lora_diag_mrpc_lr1e-4_s0/results.json,lora_diag_mrpc_lr1e-4_s0,"query,value",mrpc
outputs/kasa_mechanistic/full/exp3_weighted_rank_ablation/lora_diag/mrpc_lr1e-4_s123,0.01926172463575909,0.9950237424174695,0.0013483835969685576,0.15288747413290052,0.9986516164030316,0.8471125258670994,0.9949039444327354,0.0016616051616438199,0.00011210980499735494,2.881035794814428,3.426978185772896,0.00042426026298571185,1.1990862560548219,0.00047288808323268466,8.0,0.0005849978882300396,7.67282756169637,45.11933080355326,lora_diag,roberta-base,24,8,outputs/kasa_mechanistic/full/exp2_update_frame/lora_diag_mrpc_lr1e-4_s123/results.json,lora_diag_mrpc_lr1e-4_s123,"query,value",mrpc
outputs/kasa_mechanistic/full/exp3_weighted_rank_ablation/lora_diag/mrpc_lr1e-4_s42,0.021587245441383462,1.0009813602879947,0.0013641907403529965,0.13240269202082222,0.998635809259647,0.8675973079791777,1.000860944390297,0.0016776973255521928,9.900462593511368e-05,2.8779037396113076,3.583460027972857,0.0006309015974591319,1.264094431773022,0.0006250989051726682,8.0,0.0007241035311077818,7.67282756169637,45.11933080355326,lora_diag,roberta-base,24,8,outputs/kasa_mechanistic/full/exp2_update_frame/lora_diag_mrpc_lr1e-4_s42/results.json,lora_diag_mrpc_lr1e-4_s42,"query,value",mrpc
outputs/kasa_mechanistic/full/exp3_weighted_rank_ablation/lora_diag/mrpc_lr3e-3_s0,0.2857906817827136,11.76895346948843,0.001360300425622041,0.10696396287820349,0.9986396995743778,0.8930360371217966,11.767539660135904,0.21445393236353993,0.023631601532542845,2.614883303642273,3.8758669793605804,0.000765601286040795,151.6005337270908,0.12954660229903917,8.0,0.153178203831582,7.67282756169637,45.11933080355326,lora_diag,roberta-base,24,8,outputs/kasa_mechanistic/full/exp2_update_frame/lora_diag_mrpc_lr3e-3_s0/results.json,lora_diag_mrpc_lr3e-3_s0,"query,value",mrpc
outputs/kasa_mechanistic/full/exp3_weighted_rank_ablation/lora_diag/mrpc_lr3e-3_s123,0.45660724193714847,15.085992715785048,0.0014344674028839521,0.14759723093705757,0.998565532597116,0.8524027690629424,15.084185560544332,0.39985248787949484,0.0452613566085347,2.592127561569214,3.7715367625157037,0.0010302107896948472,281.2228642568613,0.29426336921217927,8.0,0.33952472582071397,7.67282756169637,45.11933080355326,lora_diag,roberta-base,24,8,outputs/kasa_mechanistic/full/exp2_update_frame/lora_diag_mrpc_lr3e-3_s123/results.json,lora_diag_mrpc_lr3e-3_s123,"query,value",mrpc
outputs/kasa_mechanistic/full/exp3_weighted_rank_ablation/lora_diag/mrpc_lr3e-3_s42,0.3388760628796555,12.74666893039925,0.0013522210165443464,0.12419911864132917,0.9986477789834556,0.8758008813586708,12.74513927102089,0.2691337737099578,0.022359677185401477,2.6257327695687613,3.6486110289891562,0.0006433201774919653,194.14010464423336,0.16942015468036212,8.0,0.1917798318657636,7.67282756169637,45.11933080355326,lora_diag,roberta-base,24,8,outputs/kasa_mechanistic/full/exp2_update_frame/lora_diag_mrpc_lr3e-3_s42/results.json,lora_diag_mrpc_lr3e-3_s42,"query,value",mrpc
outputs/kasa_mechanistic/full/exp3_weighted_rank_ablation/lora_diag/mrpc_lr3e-4_s0,0.07186668504747819,2.7883632090013752,0.0013656976913716697,0.13490702931933748,0.9986343023086284,0.8650929706806624,2.7880271077156067,0.014220023915792504,0.0009987963470242296,2.90251894791921,4.017657607793808,0.0006157704845828336,10.034150685106093,0.008808750285121883,8.0,0.009807546632146114,7.67282756169637,45.11933080355326,lora_diag,roberta-base,24,8,outputs/kasa_mechanistic/full/exp2_update_frame/lora_diag_mrpc_lr3e-4_s0/results.json,lora_diag_mrpc_lr3e-4_s0,"query,value",mrpc
outputs/kasa_mechanistic/full/exp3_weighted_rank_ablation/lora_diag/mrpc_lr3e-4_s123,0.06424935384979023,2.633682643604296,0.0013723722829087211,0.12188545508828923,0.9986276277170911,0.8781145449117108,2.633365591367086,0.012593763191640997,0.000756305462346063,2.898295889298121,3.852476497491201,0.0005957827196243654,8.96953579572922,0.006745222922594015,8.0,0.007501528384940078,7.67282756169637,45.11933080355326,lora_diag,roberta-base,24,8,outputs/kasa_mechanistic/full/exp2_update_frame/lora_diag_mrpc_lr3e-4_s123/results.json,lora_diag_mrpc_lr3e-4_s123,"query,value",mrpc
outputs/kasa_mechanistic/full/exp3_weighted_rank_ablation/lora_diag/mrpc_lr3e-4_s42,0.06761669181346779,2.956227292271564,0.0013750725893769081,0.1397218718858045,0.9986249274106233,0.8602781281141957,2.9558734695116677,0.014449559287944188,0.0010334258430096572,2.91013033191363,3.72861348092556,0.0005896864888150758,10.576176690422775,0.0058625911453115504,8.0,0.0068960169883212075,7.67282756169637,45.11933080355326,lora_diag,roberta-base,24,8,outputs/kasa_mechanistic/full/exp2_update_frame/lora_diag_mrpc_lr3e-4_s42/results.json,lora_diag_mrpc_lr3e-4_s42,"query,value",mrpc
outputs/kasa_mechanistic/full/exp3_weighted_rank_ablation/lora_diag_rot/cola_lr1e-3_s0,0.18842343141180942,13.433733208116541,0.0012919243660596963,0.1514174279801815,0.9987080756339403,0.8485825720198185,13.432085514068604,0.2573617792998751,0.006114081523264758,2.5507599512736,5.857701758543651,0.00020468316023352327,200.4786287449921,0.03662593751505483,8.0,0.04274001903831959,7.67282756169637,45.11933080355326,lora_diag_rot,roberta-base,24,8,outputs/kasa_mechanistic/full/exp2_update_frame/lora_diag_rot_cola_lr1e-3_s0/results.json,lora_diag_rot_cola_lr1e-3_s0,"query,value",cola
outputs/kasa_mechanistic/full/exp3_weighted_rank_ablation/lora_diag_rot/cola_lr1e-3_s123,0.2036905185705005,13.425109124544681,0.001324520259702034,0.1352769004710803,0.9986754797402978,0.8647230995289198,13.423461894194284,0.2786867230509718,0.007546531528835961,2.5513787468274436,5.723103667298953,0.00022912013026233862,207.61727821733803,0.05638243565772427,8.0,0.06392896718656023,7.67282756169637,45.11933080355326,lora_diag_rot,roberta-base,24,8,outputs/kasa_mechanistic/full/exp2_update_frame/lora_diag_rot_cola_lr1e-3_s123/results.json,lora_diag_rot_cola_lr1e-3_s123,"query,value",cola
outputs/kasa_mechanistic/full/exp3_weighted_rank_ablation/lora_diag_rot/cola_lr1e-3_s42,0.18170406758813842,13.495189947047123,0.0013374108456167553,0.15288546127575828,0.9986625891543833,0.8471145387242417,13.493530511856079,0.28177398443222046,0.005295919147708143,2.5268708864847818,5.75151773293813,0.0001835335987873754,209.48172034819922,0.04255164825008251,8.0,0.04784756739779065,7.67282756169637,45.11933080355326,lora_diag_rot,roberta-base,24,8,outputs/kasa_mechanistic/full/exp2_update_frame/lora_diag_rot_cola_lr1e-3_s42/results.json,lora_diag_rot_cola_lr1e-3_s42,"query,value",cola
outputs/kasa_mechanistic/full/exp3_weighted_rank_ablation/lora_diag_rot/cola_lr1e-4_s0,0.03876798280822883,1.4596205574986996,0.0014026970901570201,0.137308521598266,0.9985973029098432,0.8626914784017341,1.4594443986813228,0.0037448240424661585,0.0003168858379657043,2.9025164941946664,3.6048829158147178,0.0009686588229676162,2.614365485002054,0.004176264823987215,8.0,0.00449315066195292,7.67282756169637,45.11933080355326,lora_diag_rot,roberta-base,24,8,outputs/kasa_mechanistic/full/exp2_update_frame/lora_diag_rot_cola_lr1e-4_s0/results.json,lora_diag_rot_cola_lr1e-4_s0,"query,value",cola
outputs/kasa_mechanistic/full/exp3_weighted_rank_ablation/lora_diag_rot/cola_lr1e-4_s123,0.034978729081689766,1.4428925405871442,0.001330870909342569,0.1456728684927288,0.9986691290906576,0.854327131507271,1.4427165140708287,0.0036288454624203346,0.00017504795721379196,2.8949536780516305,3.7197682658831277,0.0006005958441472407,2.705596814106684,0.004192939867569597,8.0,0.0043679878247833885,7.67282756169637,45.11933080355326,lora_diag_rot,roberta-base,24,8,outputs/kasa_mechanistic/full/exp2_update_frame/lora_diag_rot_cola_lr1e-4_s123/results.json,lora_diag_rot_cola_lr1e-4_s123,"query,value",cola
outputs/kasa_mechanistic/full/exp3_weighted_rank_ablation/lora_diag_rot/cola_lr1e-4_s42,0.03603671597165555,1.4803459212599048,0.001369551359376012,0.13426436409004325,0.9986304486406241,0.8657356359099567,1.4801658267776172,0.003961420588893816,0.00020198835287980424,2.901912053426107,3.7756198346614838,0.0006113877483894954,2.756794339385427,0.00355201660727289,8.0,0.003754004960152694,7.67282756169637,45.11933080355326,lora_diag_rot,roberta-base,24,8,outputs/kasa_mechanistic/full/exp2_update_frame/lora_diag_rot_cola_lr1e-4_s42/results.json,lora_diag_rot_cola_lr1e-4_s42,"query,value",cola
outputs/kasa_mechanistic/full/exp3_weighted_rank_ablation/lora_diag_rot/cola_lr3e-3_s0,0.3129048651234103,16.886950201187528,0.0012953652214743867,0.10378207481815155,0.9987046347785257,0.8962179251818485,16.884892880916595,0.4506506674612562,0.012131133663691193,2.052702710032463,5.76096984744072,0.00032724482388037313,356.0851489948109,0.14187565953883072,8.0,0.1540067932025219,7.67282756169637,45.11933080355326,lora_diag_rot,roberta-base,24,8,outputs/kasa_mechanistic/full/exp2_update_frame/lora_diag_rot_cola_lr3e-3_s0/results.json,lora_diag_rot_cola_lr3e-3_s0,"query,value",cola
outputs/kasa_mechanistic/full/exp3_weighted_rank_ablation/lora_diag_rot/cola_lr3e-3_s123,0.2012456516701491,9.804744074719533,0.001275340210087474,0.11995003819283208,0.9987246597899125,0.8800499618071679,9.803553859392801,0.13473413217191896,0.006813752701418707,2.515428846081098,4.779233689109485,0.00043347826172176275,105.04172096820548,0.048896725150067745,8.0,0.05571047785148645,7.67282756169637,45.11933080355326,lora_diag_rot,roberta-base,24,8,outputs/kasa_mechanistic/full/exp2_update_frame/lora_diag_rot_cola_lr3e-3_s123/results.json,lora_diag_rot_cola_lr3e-3_s123,"query,value",cola
outputs/kasa_mechanistic/full/exp3_weighted_rank_ablation/lora_diag_rot/cola_lr3e-3_s42,0.24234051976946946,11.857073917154418,0.001344318605663769,0.1530266191951183,0.9986556813943362,0.8469733808048816,11.855631490548452,0.19905210131158432,0.012976217079994967,2.5337793429692588,4.751960401733716,0.0004270555117977767,148.6620089948798,0.06534370722147287,8.0,0.07831992430146784,7.67282756169637,45.11933080355326,lora_diag_rot,roberta-base,24,8,outputs/kasa_mechanistic/full/exp2_update_frame/lora_diag_rot_cola_lr3e-3_s42/results.json,lora_diag_rot_cola_lr3e-3_s42,"query,value",cola
outputs/kasa_mechanistic/full/exp3_weighted_rank_ablation/lora_diag_rot/cola_lr3e-4_s0,0.0923067725689718,4.743246773695659,0.001369784575046418,0.16028752601140625,0.9986302154249538,0.8397124739885937,4.742669661839803,0.03535072361895194,0.0020799691031546295,2.9840596516927085,4.543393522500992,0.00038692985097775814,25.361523982331466,0.014744962322159457,8.0,0.016824931425314087,7.67282756169637,45.11933080355326,lora_diag_rot,roberta-base,24,8,outputs/kasa_mechanistic/full/exp2_update_frame/lora_diag_rot_cola_lr3e-4_s0/results.json,lora_diag_rot_cola_lr3e-4_s0,"query,value",cola
outputs/kasa_mechanistic/full/exp3_weighted_rank_ablation/lora_diag_rot/cola_lr3e-4_s123,0.10278191107780331,4.8199036935230195,0.0013248118168139868,0.12803603709068428,0.9986751881831862,0.8719639629093158,4.819317350784938,0.034403179733393095,0.0020789478520176394,2.9877690176169076,4.337071095903714,0.0005353575585113895,25.78126389319853,0.020881427928998164,8.0,0.022960375781015802,7.67282756169637,45.11933080355326,lora_diag_rot,roberta-base,24,8,outputs/kasa_mechanistic/full/exp2_update_frame/lora_diag_rot_cola_lr3e-4_s123/results.json,lora_diag_rot_cola_lr3e-4_s123,"query,value",cola
outputs/kasa_mechanistic/full/exp3_weighted_rank_ablation/lora_diag_rot/cola_lr3e-4_s42,0.09045157230841432,4.780416807497943,0.0013572042223829912,0.14487148266518549,0.9986427957776169,0.8551285173348147,4.779834359884262,0.035586933877008654,0.0022284617046655817,2.976592461268107,4.323137208819389,0.00043084401929721275,25.5855386450033,0.013115366184441276,8.0,0.015343827889106857,7.67282756169637,45.11933080355326,lora_diag_rot,roberta-base,24,8,outputs/kasa_mechanistic/full/exp2_update_frame/lora_diag_rot_cola_lr3e-4_s42/results.json,lora_diag_rot_cola_lr3e-4_s42,"query,value",cola
outputs/kasa_mechanistic/full/exp3_weighted_rank_ablation/lora_diag_rot/mrpc_lr1e-3_s0,0.19381341582937653,9.736320944155873,0.0013228382848078507,0.09997077878977688,0.9986771617151922,0.9000292212102231,9.735144545634588,0.14993128723775348,0.006962001939731029,2.767842630545298,4.464656129479408,0.00035703324925380654,112.3090729957136,0.05791077647882048,8.0,0.0648727784185515,7.67282756169637,45.11933080355326,lora_diag_rot,roberta-base,24,8,outputs/kasa_mechanistic/full/exp2_update_frame/lora_diag_rot_mrpc_lr1e-3_s0/results.json,lora_diag_rot_mrpc_lr1e-3_s0,"query,value",mrpc
outputs/kasa_mechanistic/full/exp3_weighted_rank_ablation/lora_diag_rot/mrpc_lr1e-3_s123,0.17529578786353528,9.590241045006431,0.0013495014173830783,0.12111774542789039,0.9986504985826169,0.8788822545721096,9.58908494313558,0.15653783393402895,0.005839767705159223,2.7555742959181466,4.535188506046931,0.00038821136801669146,110.56478390780588,0.037377291471178374,8.0,0.04321705917633759,7.67282756169637,45.11933080355326,lora_diag_rot,roberta-base,24,8,outputs/kasa_mechanistic/full/exp2_update_frame/lora_diag_rot_mrpc_lr1e-3_s123/results.json,lora_diag_rot_mrpc_lr1e-3_s123,"query,value",mrpc
outputs/kasa_mechanistic/full/exp3_weighted_rank_ablation/lora_diag_rot/mrpc_lr1e-3_s42,0.20047354329709663,9.913083512542263,0.0013244815650892805,0.10970120122304174,0.9986755184349106,0.8902987987769583,9.911883056163788,0.1528425725797812,0.006961298841512568,2.749585449695587,4.3378705233335495,0.0003844724315411334,114.34371649101377,0.05361207313459696,8.0,0.060573371976109534,7.67282756169637,45.11933080355326,lora_diag_rot,roberta-base,24,8,outputs/kasa_mechanistic/full/exp2_update_frame/lora_diag_rot_mrpc_lr1e-3_s42/results.json,lora_diag_rot_mrpc_lr1e-3_s42,"query,value",mrpc
outputs/kasa_mechanistic/full/exp3_weighted_rank_ablation/lora_diag_rot/mrpc_lr1e-4_s0,0.024353120924151945,0.960509633183249,0.001348266547589941,0.1359985261319647,0.99865173345241,0.8640014738680354,0.960394004980723,0.0016754040504262473,0.00011864607982658981,2.8750743766625724,3.528710881868998,0.0006687852724871376,1.2097069868808223,0.0010482478702584785,8.0,0.0011668939500850684,7.67282756169637,45.11933080355326,lora_diag_rot,roberta-base,24,8,outputs/kasa_mechanistic/full/exp2_update_frame/lora_diag_rot_mrpc_lr1e-4_s0/results.json,lora_diag_rot_mrpc_lr1e-4_s0,"query,value",mrpc
outputs/kasa_mechanistic/full/exp3_weighted_rank_ablation/lora_diag_rot/mrpc_lr1e-4_s123,0.021528454990867616,1.0001382887694539,0.0013889367974990272,0.1677747306058349,0.998611063202501,0.8322252693941651,1.0000180353720982,0.0016920876854176943,0.0001250334052921668,2.8810960352420807,3.291393448909124,0.0005912965670128882,1.2073448759959622,0.0005802273132644586,8.0,0.0007052607185566254,7.67282756169637,45.11933080355326,lora_diag_rot,roberta-base,24,8,outputs/kasa_mechanistic/full/exp2_update_frame/lora_diag_rot_mrpc_lr1e-4_s123/results.json,lora_diag_rot_mrpc_lr1e-4_s123,"query,value",mrpc
outputs/kasa_mechanistic/full/exp3_weighted_rank_ablation/lora_diag_rot/mrpc_lr1e-4_s42,0.02026698484860146,0.9614764099660218,0.0013359570867157772,0.14501290425190835,0.9986640429132843,0.8549870957480917,0.9613605166474978,0.0016286861840247486,9.787429069755642e-05,2.876823087533315,3.5135821104049683,0.0004860687984550612,1.2214860508150498,0.0005767577039487529,8.0,0.0006746319946463094,7.67282756169637,45.11933080355326,lora_diag_rot,roberta-base,24,8,outputs/kasa_mechanistic/full/exp2_update_frame/lora_diag_rot_mrpc_lr1e-4_s42/results.json,lora_diag_rot_mrpc_lr1e-4_s42,"query,value",mrpc
outputs/kasa_mechanistic/full/exp3_weighted_rank_ablation/lora_diag_rot/mrpc_lr3e-3_s0,0.18343205953289946,7.08294490866264,0.001377250865271615,0.11740793750767398,0.9986227491347281,0.8825920624923258,7.082096099853516,0.07757776758323114,0.007910271739698752,2.7349949876467385,3.925491601228714,0.0008791706752832324,53.77291168986509,0.05842076933489201,8.0,0.06633104107459076,7.67282756169637,45.11933080355326,lora_diag_rot,roberta-base,24,8,outputs/kasa_mechanistic/full/exp2_update_frame/lora_diag_rot_mrpc_lr3e-3_s0/results.json,lora_diag_rot_mrpc_lr3e-3_s0,"query,value",mrpc
outputs/kasa_mechanistic/full/exp3_weighted_rank_ablation/lora_diag_rot/mrpc_lr3e-3_s123,0.27873035122309764,10.949246197495162,0.0013406373242594303,0.13165854528512447,0.9986593626757405,0.8683414547148757,10.947923481464386,0.1807728074491024,0.012499607491918141,2.5945435762405396,4.639616996049881,0.0007041774928713551,136.95030400529504,0.10702361149621235,8.0,0.1195232189881305,7.67282756169637,45.11933080355326,lora_diag_rot,roberta-base,24,8,outputs/kasa_mechanistic/full/exp2_update_frame/lora_diag_rot_mrpc_lr3e-3_s123/results.json,lora_diag_rot_mrpc_lr3e-3_s123,"query,value",mrpc
outputs/kasa_mechanistic/full/exp3_weighted_rank_ablation/lora_diag_rot/mrpc_lr3e-3_s42,0.39987825729807097,15.878448066892567,0.001348450127266464,0.12434612775542196,0.9986515498727337,0.875653872244578,15.876529097557068,0.50441534894829,0.06093366362256347,2.4077150523662567,4.913057799140613,0.000542872667554904,358.7602149687397,0.2813995127641344,8.0,0.34233317638669786,7.67282756169637,45.11933080355326,lora_diag_rot,roberta-base,24,8,outputs/kasa_mechanistic/full/exp2_update_frame/lora_diag_rot_mrpc_lr3e-3_s42/results.json,lora_diag_rot_mrpc_lr3e-3_s42,"query,value",mrpc
outputs/kasa_mechanistic/full/exp3_weighted_rank_ablation/lora_diag_rot/mrpc_lr3e-4_s0,0.06453287978496719,2.7226753138931272,0.001343443251629565,0.12899622694722965,0.9986565567483705,0.8710037730527702,2.722348059217135,0.012092971504898742,0.0006925994525014781,2.9082861145337424,4.066796412070592,0.0005678942798331923,8.726606812376607,0.006048314056518696,8.0,0.006740913509020174,7.67282756169637,45.11933080355326,lora_diag_rot,roberta-base,24,8,outputs/kasa_mechanistic/full/exp2_update_frame/lora_diag_rot_mrpc_lr3e-4_s0/results.json,lora_diag_rot_mrpc_lr3e-4_s0,"query,value",mrpc
outputs/kasa_mechanistic/full/exp3_weighted_rank_ablation/lora_diag_rot/mrpc_lr3e-4_s123,0.0626563448829948,2.723803397485043,0.0013456068776848383,0.11592123674394073,0.9986543931223152,0.8840787632560595,2.7234764943520227,0.012626365234609693,0.0008701020950638849,2.9123620887597403,3.862639531493187,0.00048222782957120215,9.203678145597223,0.00708627137385065,8.0,0.007956373468914535,7.67282756169637,45.11933080355326,lora_diag_rot,roberta-base,24,8,outputs/kasa_mechanistic/full/exp2_update_frame/lora_diag_rot_mrpc_lr3e-4_s123/results.json,lora_diag_rot_mrpc_lr3e-4_s123,"query,value",mrpc
outputs/kasa_mechanistic/full/exp3_weighted_rank_ablation/lora_diag_rot/mrpc_lr3e-4_s42,0.0623610847562219,2.8609378634003773,0.0013435152879653224,0.12006589329557654,0.9986564847120346,0.8799341067044234,2.8605929414431253,0.013754432409768924,0.0008168056189485166,2.909120053052902,4.0083529353141785,0.0005766323754125055,9.926176115860775,0.0047984317619314725,8.0,0.005615237380879989,7.67282756169637,45.11933080355326,lora_diag_rot,roberta-base,24,8,outputs/kasa_mechanistic/full/exp2_update_frame/lora_diag_rot_mrpc_lr3e-4_s42/results.json,lora_diag_rot_mrpc_lr3e-4_s42,"query,value",mrpc
outputs/kasa_mechanistic/full/exp3_weighted_rank_ablation/lora_diag_rot/rte_lr1e-3_s0,0.18064654675410322,8.928613810628566,0.001324889735688788,0.15506444985713888,0.9986751102643111,0.8449355501428611,8.927538216114044,0.12237369067346056,0.012176238313259091,2.7268155217170715,4.8741539518038435,0.0004110622482581302,88.25808498216793,0.0363185417833544,8.0,0.04849478009661349,7.67282756169637,45.11933080355326,lora_diag_rot,roberta-base,24,8,outputs/kasa_mechanistic/full/exp2_update_frame/lora_diag_rot_rte_lr1e-3_s0/results.json,lora_diag_rot_rte_lr1e-3_s0,"query,value",rte
outputs/kasa_mechanistic/full/exp3_weighted_rank_ablation/lora_diag_rot/rte_lr1e-3_s123,0.19196902786475611,9.353842847454347,0.0013504079087492233,0.14484760253658993,0.9986495920912506,0.8551523974634101,9.35270897547404,0.13296481082215905,0.008650594520683322,2.7122810781002045,4.73772909740607,0.00041642770475562807,97.67504290631041,0.04010908298975361,8.0,0.04875967751043694,7.67282756169637,45.11933080355326,lora_diag_rot,roberta-base,24,8,outputs/kasa_mechanistic/full/exp2_update_frame/lora_diag_rot_rte_lr1e-3_s123/results.json,lora_diag_rot_rte_lr1e-3_s123,"query,value",rte
outputs/kasa_mechanistic/full/exp3_weighted_rank_ablation/lora_diag_rot/rte_lr1e-3_s42,0.21952036569597555,9.235040876955141,0.0013783547091791085,0.1352126025243827,0.9986216452908208,0.8647873974756172,9.233923693497976,0.13806911216427883,0.015153547689806146,2.729004512230555,4.979262749354045,0.0005655856439781593,98.57345140073448,0.07049447645446587,8.0,0.08564802414427201,7.67282756169637,45.11933080355326,lora_diag_rot,roberta-base,24,8,outputs/kasa_mechanistic/full/exp2_update_frame/lora_diag_rot_rte_lr1e-3_s42/results.json,lora_diag_rot_rte_lr1e-3_s42,"query,value",rte
outputs/kasa_mechanistic/full/exp3_weighted_rank_ablation/lora_diag_rot/rte_lr1e-4_s0,0.01799402912156287,0.9010507979318523,0.0013878170283388072,0.18831832971270693,0.9986121829716611,0.8116816702872932,0.9009417990843455,0.0012894499911150585,8.190163197715113e-05,2.883422384659449,3.739166488250097,0.0004511679308627402,0.9435891008761246,0.00042978148619473205,8.0,0.0005116831181718832,7.67282756169637,45.11933080355326,lora_diag_rot,roberta-base,24,8,outputs/kasa_mechanistic/full/exp2_update_frame/lora_diag_rot_rte_lr1e-4_s0/results.json,lora_diag_rot_rte_lr1e-4_s0,"query,value",rte
outputs/kasa_mechanistic/full/exp3_weighted_rank_ablation/lora_diag_rot/rte_lr1e-4_s123,0.01562911097764261,0.8509128392719342,0.0013507576127972038,0.1700423115284616,0.9986492423872028,0.8299576884715384,0.8508097156882286,0.001111913648249659,4.842063021707569e-05,2.872166474660238,3.556723192334175,0.0003930438810965261,0.8488812823573729,0.0002809863288367372,8.0,0.0003294069590538129,7.67282756169637,45.11933080355326,lora_diag_rot,roberta-base,24,8,outputs/kasa_mechanistic/full/exp2_update_frame/lora_diag_rot_rte_lr1e-4_s123/results.json,lora_diag_rot_rte_lr1e-4_s123,"query,value",rte
outputs/kasa_mechanistic/full/exp3_weighted_rank_ablation/lora_diag_rot/rte_lr1e-4_s42,0.02248358398048134,0.8844160801563024,0.0013579328905566242,0.19240783156980823,0.9986420671094433,0.8075921684301918,0.8843092446525892,0.0013308807683642954,0.0001596298755070317,2.8781608045101166,3.562668805321058,0.0006503179296051599,0.9275357496517245,0.0010417678320114494,8.0,0.0012013977075184812,7.67282756169637,45.11933080355326,lora_diag_rot,roberta-base,24,8,outputs/kasa_mechanistic/full/exp2_update_frame/lora_diag_rot_rte_lr1e-4_s42/results.json,lora_diag_rot_rte_lr1e-4_s42,"query,value",rte
outputs/kasa_mechanistic/full/exp3_weighted_rank_ablation/lora_diag_rot/rte_lr3e-3_s0,0.2200236932146016,9.226161753885096,0.0014120982586212462,0.19414752578492941,0.9985879017413786,0.8058524742150706,9.225055058797201,0.13131854822859168,0.01770029650712483,2.722365071376165,3.755370557308197,0.0005976398463383419,91.40511069803809,0.052320791999591165,8.0,0.070021088506716,7.67282756169637,45.11933080355326,lora_diag_rot,roberta-base,24,8,outputs/kasa_mechanistic/full/exp2_update_frame/lora_diag_rot_rte_lr3e-3_s0/results.json,lora_diag_rot_rte_lr3e-3_s0,"query,value",rte
outputs/kasa_mechanistic/full/exp3_weighted_rank_ablation/lora_diag_rot/rte_lr3e-3_s123,0.15264860974670527,5.736902542402945,0.00135670856807665,0.11786952785277303,0.9986432914319233,0.8821304721472271,5.7362037897109985,0.0935118082173479,0.0053547643460660765,2.7695135871569314,3.295636127392451,0.000882424138722751,69.28628250131926,0.05760079189970687,8.0,0.06295555624577294,7.67282756169637,45.11933080355326,lora_diag_rot,roberta-base,24,8,outputs/kasa_mechanistic/full/exp2_update_frame/lora_diag_rot_rte_lr3e-3_s123/results.json,lora_diag_rot_rte_lr3e-3_s123,"query,value",rte
outputs/kasa_mechanistic/full/exp3_weighted_rank_ablation/lora_diag_rot/rte_lr3e-3_s42,0.2924347102879253,10.252322639954617,0.0014143630093608219,0.15026192368376293,0.9985856369906393,0.8497380763162371,10.251090665658316,0.1535875371967753,0.017818566302594263,2.740413943926493,3.597848524649938,0.0013518401828353985,108.61475765984505,0.11971769663553762,8.0,0.1375362629381319,7.67282756169637,45.11933080355326,lora_diag_rot,roberta-base,24,8,outputs/kasa_mechanistic/full/exp2_update_frame/lora_diag_rot_rte_lr3e-3_s42/results.json,lora_diag_rot_rte_lr3e-3_s42,"query,value",rte
outputs/kasa_mechanistic/full/exp3_weighted_rank_ablation/lora_diag_rot/rte_lr3e-4_s0,0.06568886645007437,2.7885424271257366,0.0013631416745101918,0.13649713655722298,0.99863685832549,0.8635028634427772,2.7882065027952194,0.011913098472480973,0.0008724075802414669,2.911808411280314,4.161084358890851,0.0005782208125918193,8.770444236618156,0.005749034834811558,8.0,0.006621442415053025,7.67282756169637,45.11933080355326,lora_diag_rot,roberta-base,24,8,outputs/kasa_mechanistic/full/exp2_update_frame/lora_diag_rot_rte_lr3e-4_s0/results.json,lora_diag_rot_rte_lr3e-4_s0,"query,value",rte
outputs/kasa_mechanistic/full/exp3_weighted_rank_ablation/lora_diag_rot/rte_lr3e-4_s123,0.05728041503529641,2.718931229051559,0.0013670179410137106,0.15642231532913617,0.9986329820589862,0.8435776846708637,2.718602553009987,0.011565625104897967,0.0010779795175039908,2.9020132223765054,4.055986811717351,0.0005090114196225857,8.41652784801166,0.003710063318067114,8.0,0.004788042835571105,7.67282756169637,45.11933080355326,lora_diag_rot,roberta-base,24,8,outputs/kasa_mechanistic/full/exp2_update_frame/lora_diag_rot_rte_lr3e-4_s123/results.json,lora_diag_rot_rte_lr3e-4_s123,"query,value",rte
outputs/kasa_mechanistic/full/exp3_weighted_rank_ablation/lora_diag_rot/rte_lr3e-4_s42,0.067331848362712,2.8450429270571775,0.0014230172954853941,0.17722920816315194,0.9985769827045144,0.8227707918368482,2.844698374470075,0.014250454551074654,0.002148536964872013,2.914429485797882,4.321453561385472,0.0006212881657363572,9.534761560712164,0.0046543497959798215,8.0,0.006802886760851834,7.67282756169637,45.11933080355326,lora_diag_rot,roberta-base,24,8,outputs/kasa_mechanistic/full/exp2_update_frame/lora_diag_rot_rte_lr3e-4_s42/results.json,lora_diag_rot_rte_lr3e-4_s42,"query,value",rte
outputs/kasa_mechanistic/full/exp3_weighted_rank_ablation/lora_diag_rot/sst2_lr1e-3_s0,0.3519190222888857,22.107858827800133,0.0013484287148059692,0.15359057429316955,0.998651571285194,0.8464094257068303,22.10514760017395,0.836955207089583,0.02924095612737195,1.135592597226302,6.865817745526631,0.00025022858385690354,635.4507540290555,0.1579605230508605,8.0,0.18720147917823246,7.67282756169637,45.11933080355326,lora_diag_rot,roberta-base,24,8,outputs/kasa_mechanistic/full/exp2_update_frame/lora_diag_rot_sst2_lr1e-3_s0/results.json,lora_diag_rot_sst2_lr1e-3_s0,"query,value",sst2
outputs/kasa_mechanistic/full/exp3_weighted_rank_ablation/lora_diag_rot/sst2_lr1e-3_s123,0.3867991723812814,22.726914809296662,0.0013198468282155894,0.1519028578616787,0.9986801531717845,0.8480971421383211,22.724132259686787,0.8805634112407764,0.0292861725417121,1.161856196820736,6.836187322934468,0.0002736094857255543,667.2993284929544,0.2134805815779449,8.0,0.24276675411965698,7.67282756169637,45.11933080355326,lora_diag_rot,roberta-base,24,8,outputs/kasa_mechanistic/full/exp2_update_frame/lora_diag_rot_sst2_lr1e-3_s123/results.json,lora_diag_rot_sst2_lr1e-3_s123,"query,value",sst2
outputs/kasa_mechanistic/full/exp3_weighted_rank_ablation/lora_diag_rot/sst2_lr1e-3_s42,0.382652413321815,22.8880110507651,0.0013112695756382776,0.14590563264799852,0.9986887304243618,0.8540943673520013,22.885209798812866,0.8846453186124563,0.0343942898568154,1.1552989135185878,6.855719685554504,0.0002622930398736355,678.899261618033,0.1994964017018598,8.0,0.23389069155867523,7.67282756169637,45.11933080355326,lora_diag_rot,roberta-base,24,8,outputs/kasa_mechanistic/full/exp2_update_frame/lora_diag_rot_sst2_lr1e-3_s42/results.json,lora_diag_rot_sst2_lr1e-3_s42,"query,value",sst2
outputs/kasa_mechanistic/full/exp3_weighted_rank_ablation/lora_diag_rot/sst2_lr1e-4_s0,0.1318853731047546,4.5643867052777205,0.0014875993892919457,0.12654027067675766,0.9985124006107079,0.8734597293232422,4.563836147387822,0.037552541315866016,0.008067432640928018,3.0079239209493003,3.6349211682875953,0.001168115039465079,23.71599627949763,0.03813363480700597,8.0,0.04620106744793399,7.67282756169637,45.11933080355326,lora_diag_rot,roberta-base,24,8,outputs/kasa_mechanistic/full/exp2_update_frame/lora_diag_rot_sst2_lr1e-4_s0/results.json,lora_diag_rot_sst2_lr1e-4_s0,"query,value",sst2
outputs/kasa_mechanistic/full/exp3_weighted_rank_ablation/lora_diag_rot/sst2_lr1e-4_s123,0.13013757769894982,4.558832943039707,0.0014198772144411941,0.14401867820305816,0.9985801227855587,0.855981321796942,4.558283497889836,0.03506501236309608,0.006511336774944236,3.009025683005651,3.6826297491788864,0.0011076445645027686,23.499680402688682,0.035851657727334896,8.0,0.04236299450227913,7.67282756169637,45.11933080355326,lora_diag_rot,roberta-base,24,8,outputs/kasa_mechanistic/full/exp2_update_frame/lora_diag_rot_sst2_lr1e-4_s123/results.json,lora_diag_rot_sst2_lr1e-4_s123,"query,value",sst2
outputs/kasa_mechanistic/full/exp3_weighted_rank_ablation/lora_diag_rot/sst2_lr1e-4_s42,0.13146267679114146,4.579733121942891,0.0013852065884530779,0.14794289904289512,0.9986147934115469,0.8520571009571049,4.579181383053462,0.033872641545409955,0.0060129928488095175,3.0052073697249093,3.5009851306676865,0.0011158667089373466,23.44449146844757,0.03768116047134148,8.0,0.043694153320150995,7.67282756169637,45.11933080355326,lora_diag_rot,roberta-base,24,8,outputs/kasa_mechanistic/full/exp2_update_frame/lora_diag_rot_sst2_lr1e-4_s42/results.json,lora_diag_rot_sst2_lr1e-4_s42,"query,value",sst2
outputs/kasa_mechanistic/full/exp3_weighted_rank_ablation/lora_diag_rot/sst2_lr3e-3_s0,0.42649508573407835,23.992270534052803,0.001319777823324573,0.1370615867256237,0.9986802221766755,0.8629384132743763,23.98932683467865,1.1112652917702992,0.04419229232492702,0.16324755611519018,6.8649183710416155,0.00029623205992573436,850.1069636841615,0.342994627673761,8.0,0.387186919998688,7.67282756169637,45.11933080355326,lora_diag_rot,roberta-base,24,8,outputs/kasa_mechanistic/full/exp2_update_frame/lora_diag_rot_sst2_lr3e-3_s0/results.json,lora_diag_rot_sst2_lr3e-3_s0,"query,value",sst2
outputs/kasa_mechanistic/full/exp3_weighted_rank_ablation/lora_diag_rot/sst2_lr3e-3_s123,0.3631553042863605,23.11575048258945,0.0012892225049682055,0.134373885273926,0.9987107774950319,0.8656261147260738,23.112913131713867,1.0016859273115795,0.030291740418761037,0.1599819210047523,6.877583781878154,0.00027451938425635875,791.6189093689123,0.1851798096273948,8.0,0.21547155004615584,7.67282756169637,45.11933080355326,lora_diag_rot,roberta-base,24,8,outputs/kasa_mechanistic/full/exp2_update_frame/lora_diag_rot_sst2_lr3e-3_s123/results.json,lora_diag_rot_sst2_lr3e-3_s123,"query,value",sst2
outputs/kasa_mechanistic/full/exp3_weighted_rank_ablation/lora_diag_rot/sst2_lr3e-3_s42,0.4098915183571616,24.19896786624152,0.0013215944819024471,0.13496738736662184,0.9986784055180977,0.8650326126333782,24.195987423261005,1.2329475345710914,0.03597154587138599,0.1629899519806107,6.720568905274074,0.0002643544231509911,918.4582047201693,0.28041545489395503,8.0,0.31638700076534104,7.67282756169637,45.11933080355326,lora_diag_rot,roberta-base,24,8,outputs/kasa_mechanistic/full/exp2_update_frame/lora_diag_rot_sst2_lr3e-3_s42/results.json,lora_diag_rot_sst2_lr3e-3_s42,"query,value",sst2
outputs/kasa_mechanistic/full/exp3_weighted_rank_ablation/lora_diag_rot/sst2_lr3e-4_s0,0.24166706084578882,12.902336075503781,0.0013432249529941817,0.14970724146055459,0.9986567750470056,0.8502927585394454,12.900749683380127,0.2556471449012558,0.02332503173238365,2.967113475004832,5.100121696790059,0.0004066422293031115,187.48078842740506,0.08252856888915024,8.0,0.10585360062153389,7.67282756169637,45.11933080355326,lora_diag_rot,roberta-base,24,8,outputs/kasa_mechanistic/full/exp2_update_frame/lora_diag_rot_sst2_lr3e-4_s0/results.json,lora_diag_rot_sst2_lr3e-4_s0,"query,value",sst2
outputs/kasa_mechanistic/full/exp3_weighted_rank_ablation/lora_diag_rot/sst2_lr3e-4_s123,0.24659006691829077,12.647365017675176,0.0013565315551887468,0.14721003105593902,0.9986434684448114,0.8527899689440609,12.645817677179972,0.23890201157579818,0.019348799816119328,2.9713055193424225,5.204150249560674,0.0004642126016119309,177.53261224521944,0.09505355972942198,8.0,0.1144023595455413,7.67282756169637,45.11933080355326,lora_diag_rot,roberta-base,24,8,outputs/kasa_mechanistic/full/exp2_update_frame/lora_diag_rot_sst2_lr3e-4_s123/results.json,lora_diag_rot_sst2_lr3e-4_s123,"query,value",sst2
outputs/kasa_mechanistic/full/exp3_weighted_rank_ablation/lora_diag_rot/sst2_lr3e-4_s42,0.2348694405625563,12.876702417972126,0.0013450404413392052,0.1249118666370822,0.9986549595586608,0.8750881333629179,12.87512723604838,0.24953526941438517,0.011511269736729446,2.976774434248606,5.033770933747292,0.00038454517278865564,184.91815023931363,0.07571181758430612,8.0,0.08722308732103556,7.67282756169637,45.11933080355326,lora_diag_rot,roberta-base,24,8,outputs/kasa_mechanistic/full/exp2_update_frame/lora_diag_rot_sst2_lr3e-4_s42/results.json,lora_diag_rot_sst2_lr3e-4_s42,"query,value",sst2
outputs/kasa_mechanistic/full/exp3_weighted_rank_ablation/lora_diag/rte_lr1e-3_s0,0.18073694581806574,9.273809356018008,0.0013376223909884967,0.1481199347378326,0.9986623776090114,0.8518800652621673,9.272681752840677,0.13858005916699767,0.012498795904927343,2.735258420308431,4.6937480966250105,0.0004107790334831722,97.71254685008898,0.04197911271451934,8.0,0.05447790861944668,7.67282756169637,45.11933080355326,lora_diag,roberta-base,24,8,outputs/kasa_mechanistic/full/exp2_update_frame/lora_diag_rte_lr1e-3_s0/results.json,lora_diag_rte_lr1e-3_s0,"query,value",rte
outputs/kasa_mechanistic/full/exp3_weighted_rank_ablation/lora_diag/rte_lr1e-3_s123,0.1996459358058378,9.793490702797966,0.0013669853413172854,0.1295054074965102,0.9986330146586829,0.8704945925034897,9.792309681574503,0.15228172779704133,0.008124124180540093,2.7165285845597587,4.545974766214688,0.0004081076574804964,108.82242651144043,0.0539416797261462,8.0,0.06206580390668629,7.67282756169637,45.11933080355326,lora_diag,roberta-base,24,8,outputs/kasa_mechanistic/full/exp2_update_frame/lora_diag_rte_lr1e-3_s123/results.json,lora_diag_rte_lr1e-3_s123,"query,value",rte
outputs/kasa_mechanistic/full/exp3_weighted_rank_ablation/lora_diag/rte_lr1e-3_s42,0.18769513898944523,9.461317062675098,0.0013523445883374524,0.16515311791617684,0.9986476554116624,0.8348468820838232,9.460185865561167,0.1438778870118161,0.01322880623532304,2.7184971968332925,4.659333089987437,0.00039499642808496954,103.49180437795196,0.04078635965803793,8.0,0.05401516589336097,7.67282756169637,45.11933080355326,lora_diag,roberta-base,24,8,outputs/kasa_mechanistic/full/exp2_update_frame/lora_diag_rte_lr1e-3_s42/results.json,lora_diag_rte_lr1e-3_s42,"query,value",rte
outputs/kasa_mechanistic/full/exp3_weighted_rank_ablation/lora_diag/rte_lr1e-4_s0,0.018435129186967224,0.926397006433327,0.0013814132353905282,0.1672920198618837,0.9986185867646097,0.8327079801381164,0.9262852097551028,0.0013407537092765172,7.446082729719213e-05,2.8843888342380524,3.5237420250972114,0.0003920023669610329,0.9768980412433544,0.00045992146161211167,8.0,0.0005343822889093038,7.67282756169637,45.11933080355326,lora_diag,roberta-base,24,8,outputs/kasa_mechanistic/full/exp2_update_frame/lora_diag_rte_lr1e-4_s0/results.json,lora_diag_rte_lr1e-4_s0,"query,value",rte
outputs/kasa_mechanistic/full/exp3_weighted_rank_ablation/lora_diag/rte_lr1e-4_s123,0.017154662300196553,0.8735221292830375,0.0013317811629870802,0.16507156853589358,0.998668218837013,0.8349284314641063,0.8734166373809179,0.0011215160945236373,4.897752297476169e-05,2.875820686419805,3.496758451064428,0.0004663439907158998,0.8625579984824677,0.00032965143728347357,8.0,0.0003786289602582353,7.67282756169637,45.11933080355326,lora_diag,roberta-base,24,8,outputs/kasa_mechanistic/full/exp2_update_frame/lora_diag_rte_lr1e-4_s123/results.json,lora_diag_rte_lr1e-4_s123,"query,value",rte
outputs/kasa_mechanistic/full/exp3_weighted_rank_ablation/lora_diag/rte_lr1e-4_s42,0.02136763061989126,0.9050186074484804,0.001377421206897454,0.201947753404448,0.9986225787931026,0.7980522465955521,0.9049089575807253,0.0014213172701905326,0.0001660122287082307,2.881327430407206,3.750975787639618,0.0005590973154771525,0.9761646354587962,0.0009082896423393549,8.0,0.0010743018710475856,7.67282756169637,45.11933080355326,lora_diag,roberta-base,24,8,outputs/kasa_mechanistic/full/exp2_update_frame/lora_diag_rte_lr1e-4_s42/results.json,lora_diag_rte_lr1e-4_s42,"query,value",rte
outputs/kasa_mechanistic/full/exp3_weighted_rank_ablation/lora_diag/rte_lr3e-3_s0,0.29601385658880675,12.557610431351476,0.0013487105901590695,0.136611798078331,0.998651289409841,0.8633882019216688,12.556111454963684,0.2312400022832056,0.015031978504945679,2.6887028912703195,3.552123323082924,0.0007605302887603092,174.49031729701287,0.10504955148644513,8.0,0.12008152999139081,7.67282756169637,45.11933080355326,lora_diag,roberta-base,24,8,outputs/kasa_mechanistic/full/exp2_update_frame/lora_diag_rte_lr3e-3_s0/results.json,lora_diag_rte_lr3e-3_s0,"query,value",rte
outputs/kasa_mechanistic/full/exp3_weighted_rank_ablation/lora_diag/rte_lr3e-3_s123,0.31812566754603894,12.134716332606382,0.001450339882762076,0.1632276545959153,0.998549660117238,0.8367723454040847,12.133255879084269,0.23188479896634817,0.0344774886095062,2.6846789121627808,2.8946690360705056,0.0009390252381264859,160.7828647280112,0.12511388619289696,8.0,0.15959137480240315,7.67282756169637,45.11933080355326,lora_diag,roberta-base,24,8,outputs/kasa_mechanistic/full/exp2_update_frame/lora_diag_rte_lr3e-3_s123/results.json,lora_diag_rte_lr3e-3_s123,"query,value",rte
outputs/kasa_mechanistic/full/exp3_weighted_rank_ablation/lora_diag/rte_lr3e-3_s42,0.24952707394544013,10.673145236418419,0.0013167019592290467,0.11188436329216907,0.9986832980407709,0.888115636707831,10.671862959861755,0.16486854509760937,0.01227123449704474,2.7229981819788613,3.2412036707003913,0.0007062104755269754,122.57252705935389,0.08270415717743163,8.0,0.09497539167447637,7.67282756169637,45.11933080355326,lora_diag,roberta-base,24,8,outputs/kasa_mechanistic/full/exp2_update_frame/lora_diag_rte_lr3e-3_s42/results.json,lora_diag_rte_lr3e-3_s42,"query,value",rte
outputs/kasa_mechanistic/full/exp3_weighted_rank_ablation/lora_diag/rte_lr3e-4_s0,0.062015688951000174,2.733734148815349,0.001354267306662334,0.1537873957256314,0.9986457326933378,0.8462126042743684,2.7334045618772507,0.01149132584881348,0.0007907835719909903,2.9116340378920236,4.121062308549881,0.0005112310581632482,8.428272150602425,0.004955920159507817,8.0,0.005746703731498807,7.67282756169637,45.11933080355326,lora_diag,roberta-base,24,8,outputs/kasa_mechanistic/full/exp2_update_frame/lora_diag_rte_lr3e-4_s0/results.json,lora_diag_rte_lr3e-4_s0,"query,value",rte
outputs/kasa_mechanistic/full/exp3_weighted_rank_ablation/lora_diag/rte_lr3e-4_s123,0.06726523980953787,2.7617158490134677,0.001402619440141708,0.16490144197497056,0.9985973805598584,0.8350985580250295,2.7613822569449744,0.012756709416862577,0.0020871340436012056,2.909683187802633,4.114975815018018,0.0006178052047612247,8.687646583556974,0.005641216675030591,8.0,0.0077283507186317974,7.67282756169637,45.11933080355326,lora_diag,roberta-base,24,8,outputs/kasa_mechanistic/full/exp2_update_frame/lora_diag_rte_lr3e-4_s123/results.json,lora_diag_rte_lr3e-4_s123,"query,value",rte
outputs/kasa_mechanistic/full/exp3_weighted_rank_ablation/lora_diag/rte_lr3e-4_s42,0.06284091467123594,2.7361759953671663,0.001350926863572384,0.1585478623030009,0.9986490731364276,0.841452137696999,2.735844482978185,0.011801914525373528,0.001411371616844311,2.908729612827301,4.263449201981227,0.0005571124020665793,8.535188092636721,0.0040182661167212546,8.0,0.005429637733565566,7.67282756169637,45.11933080355326,lora_diag,roberta-base,24,8,outputs/kasa_mechanistic/full/exp2_update_frame/lora_diag_rte_lr3e-4_s42/results.json,lora_diag_rte_lr3e-4_s42,"query,value",rte
outputs/kasa_mechanistic/full/exp3_weighted_rank_ablation/lora_diag/sst2_lr1e-3_s0,0.43063031509846694,24.20109708931174,0.001330970613405348,0.14976324762238463,0.9986690293865949,0.8502367523776154,24.198119401931763,1.080227588613828,0.057241887887357734,1.0784791857004166,6.256523331006368,0.0002672817600649228,812.4788096199433,0.36639614777232055,8.0,0.4236380356596783,7.67282756169637,45.11933080355326,lora_diag,roberta-base,24,8,outputs/kasa_mechanistic/full/exp2_update_frame/lora_diag_sst2_lr1e-3_s0/results.json,lora_diag_sst2_lr1e-3_s0,"query,value",sst2
outputs/kasa_mechanistic/full/exp3_weighted_rank_ablation/lora_diag/sst2_lr1e-3_s123,0.45698655045878817,24.54761045504633,0.0013254805341682743,0.16738300450281682,0.9986745194658321,0.8326169954971832,24.544609904289246,1.0962869230036933,0.06576031024451368,1.1114498699704807,6.283284842967987,0.0003210115931700541,821.5735809104517,0.3307021959044505,8.0,0.39646250614896417,7.67282756169637,45.11933080355326,lora_diag,roberta-base,24,8,outputs/kasa_mechanistic/full/exp2_update_frame/lora_diag_sst2_lr1e-3_s123/results.json,lora_diag_sst2_lr1e-3_s123,"query,value",sst2
outputs/kasa_mechanistic/full/exp3_weighted_rank_ablation/lora_diag/sst2_lr1e-3_s42,0.39109447281771836,24.3610238861197,0.0013296051936518725,0.11415061815564675,0.9986703948063481,0.885849381844353,24.35802932580312,1.066652426496148,0.033063669369463845,1.0909177338083584,6.284747193257014,0.00024696890173127214,817.8711231853813,0.2635560058885555,8.0,0.2966196752580193,7.67282756169637,45.11933080355326,lora_diag,roberta-base,24,8,outputs/kasa_mechanistic/full/exp2_update_frame/lora_diag_sst2_lr1e-3_s42/results.json,lora_diag_sst2_lr1e-3_s42,"query,value",sst2
outputs/kasa_mechanistic/full/exp3_weighted_rank_ablation/lora_diag/sst2_lr1e-4_s0,0.13257353903701613,4.546249107059805,0.001484663553342023,0.13121618784219793,0.998515336446658,0.8687838121578021,4.545700877904892,0.037298164214007556,0.007868390119256219,3.0088123182455697,3.6898079961538315,0.0011538765784361287,23.556146699741173,0.037699377243067524,8.0,0.04556776736232374,7.67282756169637,45.11933080355326,lora_diag,roberta-base,24,8,outputs/kasa_mechanistic/full/exp2_update_frame/lora_diag_sst2_lr1e-4_s0/results.json,lora_diag_sst2_lr1e-4_s0,"query,value",sst2
outputs/kasa_mechanistic/full/exp3_weighted_rank_ablation/lora_diag/sst2_lr1e-4_s123,0.1303627597457576,4.532673220542966,0.0014217620116847767,0.1427886863033104,0.9985782379883151,0.8572113136966896,4.532126734654109,0.034898750483989716,0.0065145210549720405,3.009381135304769,3.739637782176336,0.0011122579767264614,23.385061986744404,0.035920453249370134,8.0,0.04243497430434218,7.67282756169637,45.11933080355326,lora_diag,roberta-base,24,8,outputs/kasa_mechanistic/full/exp2_update_frame/lora_diag_sst2_lr1e-4_s123/results.json,lora_diag_sst2_lr1e-4_s123,"query,value",sst2
outputs/kasa_mechanistic/full/exp3_weighted_rank_ablation/lora_diag/sst2_lr1e-4_s42,0.13396421400217354,4.56081110688955,0.0013865447392475974,0.14468858426188216,0.9986134552607523,0.8553114157381178,4.560261855522792,0.03372842667158693,0.0061621028956627315,3.006537616252899,3.5471204221248627,0.0011679042202396206,23.27783582014187,0.03926409267781613,8.0,0.04542619557347886,7.67282756169637,45.11933080355326,lora_diag,roberta-base,24,8,outputs/kasa_mechanistic/full/exp2_update_frame/lora_diag_sst2_lr1e-4_s42/results.json,lora_diag_sst2_lr1e-4_s42,"query,value",sst2
outputs/kasa_mechanistic/full/exp3_weighted_rank_ablation/lora_diag/sst2_lr3e-3_s0,0.42231703616986493,24.200722555920706,0.0013303932264732519,0.14026971230306048,0.9986696067735267,0.8597302876969396,24.197745362917583,1.0511630556235712,0.040649943621247075,0.15610246205081543,6.371129264434178,0.0003042264552433457,799.9004913785806,0.2618860794221594,8.0,0.3025360230434065,7.67282756169637,45.11933080355326,lora_diag,roberta-base,24,8,outputs/kasa_mechanistic/full/exp2_update_frame/lora_diag_sst2_lr3e-3_s0/results.json,lora_diag_sst2_lr3e-3_s0,"query,value",sst2
outputs/kasa_mechanistic/full/exp3_weighted_rank_ablation/lora_diag/sst2_lr3e-3_s123,0.46254486246242105,23.64381360614907,0.0013663144933602244,0.1468830703803811,0.9986336855066399,0.853116929619619,23.64091447989146,1.034141148130099,0.0721542523339546,0.15666927055766186,6.190176208813985,0.0003572873765760481,747.2220844378074,0.41158972357516177,8.0,0.4837439759091164,7.67282756169637,45.11933080355326,lora_diag,roberta-base,24,8,outputs/kasa_mechanistic/full/exp2_update_frame/lora_diag_sst2_lr3e-3_s123/results.json,lora_diag_sst2_lr3e-3_s123,"query,value",sst2
outputs/kasa_mechanistic/full/exp3_weighted_rank_ablation/lora_diag/sst2_lr3e-3_s42,0.4093935052745566,23.7168875880464,0.0013158626518047962,0.148907657775044,0.9986841373481953,0.851092342224956,23.713983058929443,0.9890873776748776,0.03314531216650115,0.15501873847097158,6.45525124669075,0.0002946380175541658,782.3771687004095,0.2761005891516106,8.0,0.30924590131811175,7.67282756169637,45.11933080355326,lora_diag,roberta-base,24,8,outputs/kasa_mechanistic/full/exp2_update_frame/lora_diag_sst2_lr3e-3_s42/results.json,lora_diag_sst2_lr3e-3_s42,"query,value",sst2
outputs/kasa_mechanistic/full/exp3_weighted_rank_ablation/lora_diag/sst2_lr3e-4_s0,0.2521145025029668,12.837698689548553,0.0013533102764996805,0.16445864693268838,0.9986466897235006,0.8355413530673115,12.836124936739603,0.2503390507772565,0.023435201900914155,2.955418288707733,5.074567437171936,0.00044226710297909453,183.76991889905185,0.09070710828382289,8.0,0.11414231018473704,7.67282756169637,45.11933080355326,lora_diag,roberta-base,24,8,outputs/kasa_mechanistic/full/exp2_update_frame/lora_diag_sst2_lr3e-4_s0/results.json,lora_diag_sst2_lr3e-4_s0,"query,value",sst2
outputs/kasa_mechanistic/full/exp3_weighted_rank_ablation/lora_diag/sst2_lr3e-4_s123,0.24666620403223405,12.761115927390483,0.0013723799757249745,0.1282012157936203,0.998627620024275,0.8717987842063796,12.759551723798117,0.2453446372722586,0.02003413822967559,2.963599850734075,5.092743068933487,0.0004887038121094774,180.16273800687244,0.09909038532835741,8.0,0.119124523558033,7.67282756169637,45.11933080355326,lora_diag,roberta-base,24,8,outputs/kasa_mechanistic/full/exp2_update_frame/lora_diag_sst2_lr3e-4_s123/results.json,lora_diag_sst2_lr3e-4_s123,"query,value",sst2
outputs/kasa_mechanistic/full/exp3_weighted_rank_ablation/lora_diag/sst2_lr3e-4_s42,0.22539927288639247,13.06354861232672,0.0013574489289880107,0.12436057107771471,0.9986425510710122,0.8756394289222853,13.061951518058777,0.2594942916184664,0.010534530653482458,2.966891090075175,4.951698939005534,0.000329767740810031,191.17561770789325,0.06883387305182016,8.0,0.07936840370530263,7.67282756169637,45.11933080355326,lora_diag,roberta-base,24,8,outputs/kasa_mechanistic/full/exp2_update_frame/lora_diag_sst2_lr3e-4_s42/results.json,lora_diag_sst2_lr3e-4_s42,"query,value",sst2
outputs/kasa_mechanistic/full/exp3_weighted_rank_ablation/lora/mrpc_lr1e-3_s0,0.23118400060088196,9.603556701157016,0.0013323301358195122,0.1277722496342586,0.9986676698641804,0.8722277503657412,9.602396627267202,0.1442259217146784,0.01038316686511583,0.0,4.367441728711128,0.0005849855308518746,104.46341641099814,0.07471695193332077,8.0,0.0851001187984366,7.67282756169637,45.11933080355326,lora,roberta-base,24,8,outputs/kasa_mechanistic/full/exp2_update_frame/lora_mrpc_lr1e-3_s0/results.json,lora_mrpc_lr1e-3_s0,"query,value",mrpc
outputs/kasa_mechanistic/full/exp3_weighted_rank_ablation/lora/mrpc_lr1e-3_s123,0.19336769677916713,9.777937969368358,0.0012971577395717506,0.13758614913954362,0.9987028422604283,0.8624138508604564,9.77675368388494,0.14651672712837657,0.006443286996121363,0.0,4.32979632417361,0.0004262755288808676,113.20081257152681,0.05112201542700253,8.0,0.05756530242312389,7.67282756169637,45.11933080355326,lora,roberta-base,24,8,outputs/kasa_mechanistic/full/exp2_update_frame/lora_mrpc_lr1e-3_s123/results.json,lora_mrpc_lr1e-3_s123,"query,value",mrpc
outputs/kasa_mechanistic/full/exp3_weighted_rank_ablation/lora/mrpc_lr1e-3_s42,0.18066924710531693,9.686208364615881,0.0013228661959661736,0.12759636798946417,0.9986771338040339,0.8724036320105358,9.685038228829702,0.1399357528425753,0.005526373383569687,0.0,4.5214110761880875,0.00036278553551291544,105.62459474693362,0.035855054712252844,8.0,0.041381428095822535,7.67282756169637,45.11933080355326,lora,roberta-base,24,8,outputs/kasa_mechanistic/full/exp2_update_frame/lora_mrpc_lr1e-3_s42/results.json,lora_mrpc_lr1e-3_s42,"query,value",mrpc
outputs/kasa_mechanistic/full/exp3_weighted_rank_ablation/lora/mrpc_lr1e-4_s0,0.022899780600240324,1.0006217092534915,0.0013129537849448578,0.15370569994737623,0.9986870462150552,0.8462943000526236,1.0005014513929684,0.0016211561669479124,0.00010473664900700896,0.0,3.302493388454119,0.0005642170411360469,1.2257350256234834,0.0006725115689694879,8.0,0.0007772482179764969,7.67282756169637,45.11933080355326,lora,roberta-base,24,8,outputs/kasa_mechanistic/full/exp2_update_frame/lora_mrpc_lr1e-4_s0/results.json,lora_mrpc_lr1e-4_s0,"query,value",mrpc
outputs/kasa_mechanistic/full/exp3_weighted_rank_ablation/lora/mrpc_lr1e-4_s123,0.026608504673096996,0.989735381813562,0.0014135506456401847,0.16380463662182215,0.9985864493543598,0.8361953633781777,0.9896160066127777,0.001812331272958545,0.00019583071585316247,0.0,3.2962822119394937,0.0007844563599949222,1.2453163627348356,0.0009855658558327225,8.0,0.001181396571685885,7.67282756169637,45.11933080355326,lora,roberta-base,24,8,outputs/kasa_mechanistic/full/exp2_update_frame/lora_mrpc_lr1e-4_s123/results.json,lora_mrpc_lr1e-4_s123,"query,value",mrpc
outputs/kasa_mechanistic/full/exp3_weighted_rank_ablation/lora/mrpc_lr1e-4_s42,0.022698854573185018,1.0258486257189732,0.0013109072660523052,0.1449841582318742,0.9986890927339478,0.8550158417681257,1.0257251746952534,0.001793328422839598,0.0001018986222831586,0.0,3.4453401416540146,0.0005530715175225037,1.3316376249010016,0.0007838356277976762,8.0,0.0008857342500808348,7.67282756169637,45.11933080355326,lora,roberta-base,24,8,outputs/kasa_mechanistic/full/exp2_update_frame/lora_mrpc_lr1e-4_s42/results.json,lora_mrpc_lr1e-4_s42,"query,value",mrpc
outputs/kasa_mechanistic/full/exp3_weighted_rank_ablation/lora/mrpc_lr3e-3_s0,0.2659443613746098,12.913283886355606,0.001355168908975843,0.10699781031599964,0.9986448310910241,0.8930021896840005,12.911737064520517,0.28422461698452633,0.016185033543782385,0.0,3.676879351337751,0.00042854391048417734,202.32351324210563,0.0988329800493375,8.0,0.11501801359311987,7.67282756169637,45.11933080355326,lora,roberta-base,24,8,outputs/kasa_mechanistic/full/exp2_update_frame/lora_mrpc_lr3e-3_s0/results.json,lora_mrpc_lr3e-3_s0,"query,value",mrpc
outputs/kasa_mechanistic/full/exp3_weighted_rank_ablation/lora/mrpc_lr3e-3_s123,0.2737066032447907,12.171515568073291,0.001426325254081649,0.15521443367255117,0.9985736747459183,0.8447855663274487,12.17005423704783,0.22873836942017078,0.016301231261119636,0.0,3.937196657061577,0.0006682869434370218,160.1021605512748,0.09671077495416587,8.0,0.11301200621528551,7.67282756169637,45.11933080355326,lora,roberta-base,24,8,outputs/kasa_mechanistic/full/exp2_update_frame/lora_mrpc_lr3e-3_s123/results.json,lora_mrpc_lr3e-3_s123,"query,value",mrpc
outputs/kasa_mechanistic/full/exp3_weighted_rank_ablation/lora/mrpc_lr3e-3_s42,0.3024000230012491,15.323468769497635,0.0013091735209222889,0.12378451011119178,0.9986908264790778,0.8762154898888084,15.321621815363565,0.36117856577038765,0.017214191263822915,0.0,3.6665710310141244,0.0003800676642395281,268.8883351398011,0.1137193650053329,8.0,0.13093355626915582,7.67282756169637,45.11933080355326,lora,roberta-base,24,8,outputs/kasa_mechanistic/full/exp2_update_frame/lora_mrpc_lr3e-3_s42/results.json,lora_mrpc_lr3e-3_s42,"query,value",mrpc
outputs/kasa_mechanistic/full/exp3_weighted_rank_ablation/lora/mrpc_lr3e-4_s0,0.07109828491673602,2.9310378335098064,0.0013512395047948036,0.14153684816930248,0.9986487604952053,0.8584631518306974,2.9306843131780624,0.01472127132001333,0.0014341197807349697,0.0,3.629534517725309,0.0005545640442321964,10.493673059419962,0.008374146039197209,8.0,0.00980826581993218,7.67282756169637,45.11933080355326,lora,roberta-base,24,8,outputs/kasa_mechanistic/full/exp2_update_frame/lora_mrpc_lr3e-4_s0/results.json,lora_mrpc_lr3e-4_s0,"query,value",mrpc
outputs/kasa_mechanistic/full/exp3_weighted_rank_ablation/lora/mrpc_lr3e-4_s123,0.06962150271337146,2.970228630000703,0.001413383632816802,0.1353151102204905,0.9985866163671832,0.8646848897795092,2.969869375228882,0.015796896904551733,0.001774213871158281,0.0,3.889339034756025,0.0006365589198261815,11.082244101077473,0.006811107408035848,8.0,0.008585321279194128,7.67282756169637,45.11933080355326,lora,roberta-base,24,8,outputs/kasa_mechanistic/full/exp2_update_frame/lora_mrpc_lr3e-4_s123/results.json,lora_mrpc_lr3e-4_s123,"query,value",mrpc
outputs/kasa_mechanistic/full/exp3_weighted_rank_ablation/lora/mrpc_lr3e-4_s42,0.08604985096870336,3.0562450371202474,0.0013604906210061818,0.13983384174435434,0.9986395093789939,0.8601661582556458,3.055875157316526,0.01514294917190758,0.0017386641357006738,0.0,3.8507119367520013,0.0008436100387658701,10.902552523465905,0.011203373368213457,8.0,0.012942037503914131,7.67282756169637,45.11933080355326,lora,roberta-base,24,8,outputs/kasa_mechanistic/full/exp2_update_frame/lora_mrpc_lr3e-4_s42/results.json,lora_mrpc_lr3e-4_s42,"query,value",mrpc
outputs/kasa_mechanistic/full/exp3_weighted_rank_ablation/lora/rte_lr1e-3_s0,0.226291831645919,10.245637715027703,0.0013598112714078992,0.17130942437190846,0.9986401887285922,0.8286905756280915,10.244403700033823,0.17043712036684155,0.025223244853502063,0.0,4.738787949085236,0.00048170758649605295,117.55716631514952,0.059385207992211995,8.0,0.08460845284571406,7.67282756169637,45.11933080355326,lora,roberta-base,24,8,outputs/kasa_mechanistic/full/exp2_update_frame/lora_rte_lr1e-3_s0/results.json,lora_rte_lr1e-3_s0,"query,value",rte
outputs/kasa_mechanistic/full/exp3_weighted_rank_ablation/lora/rte_lr1e-3_s123,0.17994662086807614,9.167616689992144,0.0013353815415246123,0.14640091009497724,0.9986646184584754,0.8535990899050229,9.166508555412292,0.12425998124914865,0.008338668478245381,0.0,4.654523571332295,0.00041470853748454837,91.47461124982995,0.038543271465944905,8.0,0.046881939944190286,7.67282756169637,45.11933080355326,lora,roberta-base,24,8,outputs/kasa_mechanistic/full/exp2_update_frame/lora_rte_lr1e-3_s123/results.json,lora_rte_lr1e-3_s123,"query,value",rte
outputs/kasa_mechanistic/full/exp3_weighted_rank_ablation/lora/rte_lr1e-3_s42,0.188703009918642,9.492776009534063,0.001322180501760089,0.14531541894660302,0.9986778194982399,0.8546845810533968,9.49163564046224,0.1351994810005029,0.006897962698227881,0.0,4.4295549889405565,0.00039357993286056204,101.80024407928188,0.04269388729638498,8.0,0.04959184999461286,7.67282756169637,45.11933080355326,lora,roberta-base,24,8,outputs/kasa_mechanistic/full/exp2_update_frame/lora_rte_lr1e-3_s42/results.json,lora_rte_lr1e-3_s42,"query,value",rte
outputs/kasa_mechanistic/full/exp3_weighted_rank_ablation/lora/rte_lr1e-4_s0,0.020130534985819824,0.90560585920266,0.0013546057975208573,0.19522981292327005,0.9986453942024792,0.80477018707673,0.9054966395099958,0.0012894018036604393,9.666614665585864e-05,0.0,3.502670963605245,0.0005405704444472869,0.9567509784258922,0.0006462211866373005,8.0,0.0007428873332931593,7.67282756169637,45.11933080355326,lora,roberta-base,24,8,outputs/kasa_mechanistic/full/exp2_update_frame/lora_rte_lr1e-4_s0/results.json,lora_rte_lr1e-4_s0,"query,value",rte
outputs/kasa_mechanistic/full/exp3_weighted_rank_ablation/lora/rte_lr1e-4_s123,0.019876027528840646,0.8837808550008334,0.0013579354575523322,0.15562034095443444,0.9986420645424477,0.8443796590455656,0.8836743868887424,0.0012543926762494568,8.600650772905283e-05,0.0,3.3790055215358734,0.0005429445464460825,0.9126562011612501,0.0006096837253342832,8.0,0.000695690233063336,7.67282756169637,45.11933080355326,lora,roberta-base,24,8,outputs/kasa_mechanistic/full/exp2_update_frame/lora_rte_lr1e-4_s123/results.json,lora_rte_lr1e-4_s123,"query,value",rte
outputs/kasa_mechanistic/full/exp3_weighted_rank_ablation/lora/rte_lr1e-4_s42,0.017692899391834774,0.883340228257984,0.0013337511412695538,0.14064672185622992,0.9986662488587306,0.8593532781437702,0.8832335459689299,0.0011976316709478851,5.538897814479545e-05,0.0,3.6561140020688376,0.00042413857297994903,0.8988773885976116,0.0003635373371366768,8.0,0.00041892631528147223,7.67282756169637,45.11933080355326,lora,roberta-base,24,8,outputs/kasa_mechanistic/full/exp2_update_frame/lora_rte_lr1e-4_s42/results.json,lora_rte_lr1e-4_s42,"query,value",rte
outputs/kasa_mechanistic/full/exp3_weighted_rank_ablation/lora/rte_lr3e-3_s0,0.3064089305890797,10.01797973077183,0.001399750253868942,0.13977700238176574,0.998600249746131,0.8602229976182344,10.016766945521036,0.1557371012556056,0.020313858472945867,0.0,3.0131178895632424,0.0013118806720623377,112.65644548414275,0.19676724461290482,8.0,0.21708110308585069,7.67282756169637,45.11933080355326,lora,roberta-base,24,8,outputs/kasa_mechanistic/full/exp2_update_frame/lora_rte_lr3e-3_s0/results.json,lora_rte_lr3e-3_s0,"query,value",rte
outputs/kasa_mechanistic/full/exp3_weighted_rank_ablation/lora/rte_lr3e-3_s123,0.25164422872079345,11.87026780576961,0.0013530225994989097,0.16743299045915094,0.9986469774005009,0.8325670095408491,11.86884774764379,0.20914038891593614,0.01620804831327405,0.0,3.3716386556625366,0.0004598613643152314,155.35020533328256,0.07865751842715933,8.0,0.09486556674043338,7.67282756169637,45.11933080355326,lora,roberta-base,24,8,outputs/kasa_mechanistic/full/exp2_update_frame/lora_rte_lr3e-3_s123/results.json,lora_rte_lr3e-3_s123,"query,value",rte
outputs/kasa_mechanistic/full/exp3_weighted_rank_ablation/lora/rte_lr3e-3_s42,0.2271610102124033,10.13233562042941,0.001380429922849965,0.18507282382351886,0.99861957007715,0.8149271761764814,10.131097505489985,0.23027948720846325,0.02618283868287108,0.0,3.4357504894336066,0.0007564412626218839,163.22992439882364,0.11747407909691295,8.0,0.14365691777978404,7.67282756169637,45.11933080355326,lora,roberta-base,24,8,outputs/kasa_mechanistic/full/exp2_update_frame/lora_rte_lr3e-3_s42/results.json,lora_rte_lr3e-3_s42,"query,value",rte
outputs/kasa_mechanistic/full/exp3_weighted_rank_ablation/lora/rte_lr3e-4_s0,0.06520494225795793,2.766850592125525,0.0013821245344999222,0.1658030009949535,0.9986178754655001,0.8341969990050463,2.7665165762106576,0.01191411585508225,0.000861070917305066,0.0,4.005498632788658,0.000561980421081611,8.541208692680812,0.006469207274449218,8.0,0.007330278191754284,7.67282756169637,45.11933080355326,lora,roberta-base,24,8,outputs/kasa_mechanistic/full/exp2_update_frame/lora_rte_lr3e-4_s0/results.json,lora_rte_lr3e-4_s0,"query,value",rte
outputs/kasa_mechanistic/full/exp3_weighted_rank_ablation/lora/rte_lr3e-4_s123,0.058917954261611144,2.6095759243792696,0.0013694471407256702,0.14566243954758898,0.9986305528592744,0.8543375604524108,2.609261075655619,0.010819803331590569,0.0008255007348907384,0.0,3.903031294544538,0.0005609554275884164,7.7623685095168184,0.004440238765331135,8.0,0.005265739500221874,7.67282756169637,45.11933080355326,lora,roberta-base,24,8,outputs/kasa_mechanistic/full/exp2_update_frame/lora_rte_lr3e-4_s123/results.json,lora_rte_lr3e-4_s123,"query,value",rte
outputs/kasa_mechanistic/full/exp3_weighted_rank_ablation/lora/rte_lr3e-4_s42,0.05818008315939487,2.6133439286228897,0.0013694458480517718,0.14742269093781163,0.9986305541519482,0.8525773090621881,2.613026430209478,0.010912382043898106,0.0006754921942047076,0.0,4.210838243365288,0.0005138264633298121,7.957565393609305,0.004726007732945921,8.0,0.0054014999271506286,7.67282756169637,45.11933080355326,lora,roberta-base,24,8,outputs/kasa_mechanistic/full/exp2_update_frame/lora_rte_lr3e-4_s42/results.json,lora_rte_lr3e-4_s42,"query,value",rte
outputs/kasa_mechanistic/full/exp3_weighted_rank_ablation/lora/sst2_lr1e-3_s0,0.6795628701876536,37.748248269956875,0.001324382234741504,0.13520977210416377,0.9986756177652586,0.8647902278958363,37.743619998296104,2.217568094531695,0.07284283605016147,0.0,6.972790827353795,0.0003071978324588463,1650.5326531579096,0.6813380876750065,8.0,0.7541809237251679,7.67282756169637,45.11933080355326,lora,roberta-base,24,8,outputs/kasa_mechanistic/full/exp2_update_frame/lora_sst2_lr1e-3_s0/results.json,lora_sst2_lr1e-3_s0,"query,value",sst2
outputs/kasa_mechanistic/full/exp3_weighted_rank_ablation/lora/sst2_lr1e-3_s123,0.5818336933020535,36.97900537648945,0.0013025550523751725,0.14617824794503204,0.9986974449476252,0.8538217520549679,36.974452098210655,2.025640075405439,0.07260038022650406,0.0,6.985802719990413,0.0002399143944786501,1573.253888224562,0.45163841931692633,8.0,0.5242387995434304,7.67282756169637,45.11933080355326,lora,roberta-base,24,8,outputs/kasa_mechanistic/full/exp2_update_frame/lora_sst2_lr1e-3_s123/results.json,lora_sst2_lr1e-3_s123,"query,value",sst2
outputs/kasa_mechanistic/full/exp3_weighted_rank_ablation/lora/sst2_lr1e-3_s42,0.5973069399348171,37.4722228431289,0.0013431831334752876,0.14664914719172897,0.9986568168665246,0.8533508528082713,37.46763563156128,2.1535561432441077,0.07554904091133115,0.0,7.020750969648361,0.0002528366553857706,1611.4119053333998,0.4240884611790534,8.0,0.49963750209038454,7.67282756169637,45.11933080355326,lora,roberta-base,24,8,outputs/kasa_mechanistic/full/exp2_update_frame/lora_sst2_lr1e-3_s42/results.json,lora_sst2_lr1e-3_s42,"query,value",sst2
outputs/kasa_mechanistic/full/exp3_weighted_rank_ablation/lora/sst2_lr1e-4_s0,0.12460279146354995,4.374668177635647,0.0014394787303577128,0.15489247272604575,0.9985605212696423,0.8451075272739543,4.3741417328516645,0.03279430108765761,0.006055573357116373,0.0,3.655371462305387,0.0010664804825066575,21.889402424916625,0.03293970103641186,8.0,0.038995274393528234,7.67282756169637,45.11933080355326,lora,roberta-base,24,8,outputs/kasa_mechanistic/full/exp2_update_frame/lora_sst2_lr1e-4_s0/results.json,lora_sst2_lr1e-4_s0,"query,value",sst2
outputs/kasa_mechanistic/full/exp3_weighted_rank_ablation/lora/sst2_lr1e-4_s123,0.12172848218138888,4.442713829098845,0.001399653503745846,0.1353636956344708,0.9986003464962542,0.8646363043655292,4.442178477843602,0.03280868129028628,0.004671485190253104,0.0,3.5780707746744156,0.0010299640624299598,22.62255873286631,0.02983643775557236,8.0,0.03450792294582546,7.67282756169637,45.11933080355326,lora,roberta-base,24,8,outputs/kasa_mechanistic/full/exp2_update_frame/lora_sst2_lr1e-4_s123/results.json,lora_sst2_lr1e-4_s123,"query,value",sst2
outputs/kasa_mechanistic/full/exp3_weighted_rank_ablation/lora/sst2_lr1e-4_s42,0.1271175636802042,4.395039180507788,0.0014282671183889243,0.13972778544288564,0.9985717328816109,0.8602722145571146,4.394509941339493,0.03194273721116284,0.005825425772551777,0.0,3.6370677252610526,0.0010777198408501735,21.8252631702926,0.03141940937318092,8.0,0.0372448351457327,7.67282756169637,45.11933080355326,lora,roberta-base,24,8,outputs/kasa_mechanistic/full/exp2_update_frame/lora_sst2_lr1e-4_s42/results.json,lora_sst2_lr1e-4_s42,"query,value",sst2
outputs/kasa_mechanistic/full/exp3_weighted_rank_ablation/lora/sst2_lr3e-3_s0,11.005959040760308,613.7687040650287,0.0012850296062834673,0.11945411085223669,0.9987149703937165,0.8805458891477634,613.6948407491049,506.7629009882609,18.24256789746384,0.0,3.8479712208112082,0.00037201976614321394,391994.17769145966,130.01593028443554,8.0,148.2584981818994,7.67282756169637,45.11933080355326,lora,roberta-base,24,8,outputs/kasa_mechanistic/full/exp2_update_frame/lora_sst2_lr3e-3_s0/results.json,lora_sst2_lr3e-3_s0,"query,value",sst2
outputs/kasa_mechanistic/full/exp3_weighted_rank_ablation/lora/sst2_lr3e-3_s123,11.772196670491455,595.931400121238,0.0013364972634799823,0.13593239326267767,0.99866350273652,0.8640676067373222,595.8596105575562,495.39993421236676,17.44163740177949,0.0,3.710722585519155,0.0004576171659420631,372236.64319729805,153.63569124042988,8.0,171.07732864220938,7.67282756169637,45.11933080355326,lora,roberta-base,24,8,outputs/kasa_mechanistic/full/exp2_update_frame/lora_sst2_lr3e-3_s123/results.json,lora_sst2_lr3e-3_s123,"query,value",sst2
outputs/kasa_mechanistic/full/exp3_weighted_rank_ablation/lora/sst2_lr3e-3_s42,9.650672561153037,514.3141551548343,0.0013039650291435262,0.12111797881881296,0.9986960349708567,0.878882021181187,514.2520189285278,364.3845570882161,14.661567935099205,0.0,3.7959011991818747,0.0004295376252810061,278932.564743042,106.65999361996849,8.0,121.3215615550677,7.67282756169637,45.11933080355326,lora,roberta-base,24,8,outputs/kasa_mechanistic/full/exp2_update_frame/lora_sst2_lr3e-3_s42/results.json,lora_sst2_lr3e-3_s42,"query,value",sst2
outputs/kasa_mechanistic/full/exp3_weighted_rank_ablation/lora/sst2_lr3e-4_s0,0.22865543082109593,12.428016931179863,0.0013675498532190699,0.1542211372140388,0.9986324501467813,0.8457788627859614,12.426501552263895,0.23320839864512286,0.015002907045830701,0.0,5.012129987279574,0.0004428302202223761,171.1385007891804,0.07303871493240877,8.0,0.08804162197823946,7.67282756169637,45.11933080355326,lora,roberta-base,24,8,outputs/kasa_mechanistic/full/exp2_update_frame/lora_sst2_lr3e-4_s0/results.json,lora_sst2_lr3e-4_s0,"query,value",sst2
outputs/kasa_mechanistic/full/exp3_weighted_rank_ablation/lora/sst2_lr3e-4_s123,0.22535367776426773,12.493887628575658,0.0013361348870558273,0.12692203686268236,0.9986638651129441,0.8730779631373178,12.492358406384787,0.23118569608777761,0.015679473185931176,0.0,4.993329713741939,0.0004165727705701188,173.4462307874734,0.07916435093648033,8.0,0.0948438241224115,7.67282756169637,45.11933080355326,lora,roberta-base,24,8,outputs/kasa_mechanistic/full/exp2_update_frame/lora_sst2_lr3e-4_s123/results.json,lora_sst2_lr3e-4_s123,"query,value",sst2
outputs/kasa_mechanistic/full/exp3_weighted_rank_ablation/lora/sst2_lr3e-4_s42,0.25149839861512463,12.396179914000683,0.0013635338001836616,0.11780940207393308,0.9986364661998163,0.882190597926067,12.394663572311401,0.23307353692750135,0.013733533060682626,0.0,5.081096554795901,0.00048723966570610205,170.1845741427193,0.09680082229412316,8.0,0.11053435535480578,7.67282756169637,45.11933080355326,lora,roberta-base,24,8,outputs/kasa_mechanistic/full/exp2_update_frame/lora_sst2_lr3e-4_s42/results.json,lora_sst2_lr3e-4_s42,"query,value",sst2
outputs/kasa_mechanistic/full/exp3_weighted_rank_ablation/svd_only/cola_lr1e-3_s0,0.03085619016575746,1.2116879924065567,0.0013491460364809598,0.15773141541584437,0.9986508539635192,0.8422685845841557,1.2115391915043194,0.0032670157755395244,0.00028047085960262547,0.0,3.90599824488163,0.000597395764125119,2.375877285241586,0.0021482313984790835,8.0,0.002428702258081709,7.67282756169637,45.11933080355326,svd_only,roberta-base,24,8,outputs/kasa_mechanistic/full/exp2_update_frame/svd_only_cola_lr1e-3_s0/results.json,svd_only_cola_lr1e-3_s0,"query,value",cola
outputs/kasa_mechanistic/full/exp3_weighted_rank_ablation/svd_only/cola_lr1e-3_s123,0.10683398124683922,5.793448749870966,0.0013229349811546855,0.12065348184342221,0.9986770650188453,0.879346518156578,5.792745411396027,0.048422141931951046,0.0020791247091741147,0.0,4.427423894405365,0.00036787991727265046,35.87372656259686,0.015977162643442473,8.0,0.01805628735261659,7.67282756169637,45.11933080355326,svd_only,roberta-base,24,8,outputs/kasa_mechanistic/full/exp2_update_frame/svd_only_cola_lr1e-3_s123/results.json,svd_only_cola_lr1e-3_s123,"query,value",cola
outputs/kasa_mechanistic/full/exp3_weighted_rank_ablation/svd_only/cola_lr1e-3_s42,0.2207905923864465,14.704632109496453,0.001320842480861933,0.11866588368592486,0.9986791575191382,0.881334116314075,14.70283297697703,0.30996707268059254,0.006594756329529143,0.0,5.698244760433833,0.0002301197026232945,239.00089642219245,0.0653151906808489,8.0,0.07190994701037805,7.67282756169637,45.11933080355326,svd_only,roberta-base,24,8,outputs/kasa_mechanistic/full/exp2_update_frame/svd_only_cola_lr1e-3_s42/results.json,svd_only_cola_lr1e-3_s42,"query,value",cola
outputs/kasa_mechanistic/full/exp3_weighted_rank_ablation/svd_only/cola_lr1e-4_s0,0.040851384442319456,1.5161528279054413,0.0013374760776048537,0.12269040388416576,0.9986625239223949,0.8773095961158344,1.5159690231084824,0.003961179970550195,0.00027439043102125044,0.0,3.6203466604153314,0.0008006509487183174,2.942891131521416,0.005293441518498791,8.0,0.005567831949520041,7.67282756169637,45.11933080355326,svd_only,roberta-base,24,8,outputs/kasa_mechanistic/full/exp2_update_frame/svd_only_cola_lr1e-4_s0/results.json,svd_only_cola_lr1e-4_s0,"query,value",cola
outputs/kasa_mechanistic/full/exp3_weighted_rank_ablation/svd_only/cola_lr1e-4_s123,0.03810726518036335,1.454677782116771,0.001337745947679103,0.13886412345127466,0.9986622540523208,0.8611358765487253,1.454502356549104,0.0038580967472322905,0.00017352296811168344,0.0,3.7326817363500595,0.0007383640277809042,2.754151490977771,0.004817334989221915,8.0,0.004990857957333598,7.67282756169637,45.11933080355326,svd_only,roberta-base,24,8,outputs/kasa_mechanistic/full/exp2_update_frame/svd_only_cola_lr1e-4_s123/results.json,svd_only_cola_lr1e-4_s123,"query,value",cola
outputs/kasa_mechanistic/full/exp3_weighted_rank_ablation/svd_only/cola_lr1e-4_s42,0.04045170258280818,1.5252133739490876,0.0014123928291058217,0.14665317731398567,0.9985876071708941,0.8533468226860145,1.5250288223226864,0.004256517393514514,0.00038242261137118777,0.0,3.6649989237387977,0.0009611010540219985,2.9494774632621557,0.00476726484209659,8.0,0.005149687453467777,7.67282756169637,45.11933080355326,svd_only,roberta-base,24,8,outputs/kasa_mechanistic/full/exp2_update_frame/svd_only_cola_lr1e-4_s42/results.json,svd_only_cola_lr1e-4_s42,"query,value",cola
outputs/kasa_mechanistic/full/exp3_weighted_rank_ablation/svd_only/cola_lr3e-3_s0,0.15377888098775389,8.808798139779583,0.001299913413966212,0.10562086771476542,0.9987000865860338,0.8943791322852346,8.807729462782541,0.11000449893375237,0.0028080159299861407,0.0,4.449984088540077,0.00033400642978780054,83.58691446545224,0.0305206357534189,8.0,0.03332865168340504,7.67282756169637,45.11933080355326,svd_only,roberta-base,24,8,outputs/kasa_mechanistic/full/exp2_update_frame/svd_only_cola_lr3e-3_s0/results.json,svd_only_cola_lr3e-3_s0,"query,value",cola
outputs/kasa_mechanistic/full/exp3_weighted_rank_ablation/svd_only/cola_lr3e-3_s123,0.2263049215793925,11.2815344823005,0.001359765008924281,0.1303660596264503,0.9986402349910758,0.8696339403735497,11.280167122681936,0.18874600467582545,0.01671962765127925,0.0,4.324464087684949,0.0004503915726613901,134.72720159155628,0.07700500085168945,8.0,0.0937246285029687,7.67282756169637,45.11933080355326,svd_only,roberta-base,24,8,outputs/kasa_mechanistic/full/exp2_update_frame/svd_only_cola_lr3e-3_s123/results.json,svd_only_cola_lr3e-3_s123,"query,value",cola
outputs/kasa_mechanistic/full/exp3_weighted_rank_ablation/svd_only/cola_lr3e-3_s42,0.26991236908082666,14.668531659614677,0.0013089140640610189,0.1310551585547854,0.9986910859359389,0.8689448414452144,14.66675062974294,0.30451901722699404,0.011618776443356182,0.0,4.54241522649924,0.0003641719684043799,232.18256219259152,0.09371231463107203,8.0,0.10533109107442822,7.67282756169637,45.11933080355326,svd_only,roberta-base,24,8,outputs/kasa_mechanistic/full/exp2_update_frame/svd_only_cola_lr3e-3_s42/results.json,svd_only_cola_lr3e-3_s42,"query,value",cola
outputs/kasa_mechanistic/full/exp3_weighted_rank_ablation/svd_only/cola_lr3e-4_s0,0.10113328218791552,4.57289291437598,0.001358150911052669,0.16430762368137844,0.9986418490889473,0.8356923763186216,4.572337061166763,0.033672386508745454,0.0031871637036905063,0.0,4.256778831283252,0.0005031946105086926,24.04860435515487,0.020456145507978363,8.0,0.023643309211668868,7.67282756169637,45.11933080355326,svd_only,roberta-base,24,8,outputs/kasa_mechanistic/full/exp2_update_frame/svd_only_cola_lr3e-4_s0/results.json,svd_only_cola_lr3e-4_s0,"query,value",cola
outputs/kasa_mechanistic/full/exp3_weighted_rank_ablation/svd_only/cola_lr3e-4_s123,0.08755065225127741,4.542154431867879,0.0013866359023175072,0.13389850708849887,0.9986133640976825,0.8661014929115011,4.54160280028979,0.03232718623864154,0.0018612560373488425,0.0,4.426298797130585,0.0004461151837664115,23.068489321895566,0.012372044036965235,8.0,0.014233300074314078,7.67282756169637,45.11933080355326,svd_only,roberta-base,24,8,outputs/kasa_mechanistic/full/exp2_update_frame/svd_only_cola_lr3e-4_s123/results.json,svd_only_cola_lr3e-4_s123,"query,value",cola
outputs/kasa_mechanistic/full/exp3_weighted_rank_ablation/svd_only/cola_lr3e-4_s42,0.08706153813629502,4.580389678516848,0.0013391822819977404,0.1508093797595787,0.9986608177180022,0.8491906202404212,4.579831639925639,0.03182696034976592,0.0014057955546983674,0.0,4.359548270702362,0.0004204277204463228,23.590824338491075,0.012429223588696914,8.0,0.01383501914339528,7.67282756169637,45.11933080355326,svd_only,roberta-base,24,8,outputs/kasa_mechanistic/full/exp2_update_frame/svd_only_cola_lr3e-4_s42/results.json,svd_only_cola_lr3e-4_s42,"query,value",cola
outputs/kasa_mechanistic/full/exp3_weighted_rank_ablation/svd_only/mrpc_lr1e-3_s0,0.18925525656761688,9.42651292523806,0.0013732083428637804,0.14869545499118667,0.9986267916571362,0.8513045450088134,9.425369838873545,0.13940711552277207,0.006532019693016385,0.0,4.486994177103043,0.00042508377843032604,99.3008842097285,0.04381465585902333,8.0,0.05034667555203972,7.67282756169637,45.11933080355326,svd_only,roberta-base,24,8,outputs/kasa_mechanistic/full/exp2_update_frame/svd_only_mrpc_lr1e-3_s0/results.json,svd_only_mrpc_lr1e-3_s0,"query,value",mrpc
outputs/kasa_mechanistic/full/exp3_weighted_rank_ablation/svd_only/mrpc_lr1e-3_s123,0.2305938657954629,10.51163776456058,0.0013778758038238699,0.11876976568150537,0.9986221241961765,0.8812302343184949,10.510364095369974,0.18036012832696238,0.011281154715713152,0.0,4.150830532113711,0.00044338685544122685,130.23845755076036,0.07457337915972555,8.0,0.08585453387543869,7.67282756169637,45.11933080355326,svd_only,roberta-base,24,8,outputs/kasa_mechanistic/full/exp2_update_frame/svd_only_mrpc_lr1e-3_s123/results.json,svd_only_mrpc_lr1e-3_s123,"query,value",mrpc
outputs/kasa_mechanistic/full/exp3_weighted_rank_ablation/svd_only/mrpc_lr1e-3_s42,0.1969269178104847,9.923208258230645,0.0013852739719909914,0.12741331292700056,0.998614726028009,0.8725866870729995,9.922006209691366,0.15031400074561438,0.009025125784622409,0.0,4.440798297524452,0.0005745132229946522,109.92585421850283,0.04858518383025512,8.0,0.05761030961487753,7.67282756169637,45.11933080355326,svd_only,roberta-base,24,8,outputs/kasa_mechanistic/full/exp2_update_frame/svd_only_mrpc_lr1e-3_s42/results.json,svd_only_mrpc_lr1e-3_s42,"query,value",mrpc
outputs/kasa_mechanistic/full/exp3_weighted_rank_ablation/svd_only/mrpc_lr1e-4_s0,0.023060921212170335,0.9635955420747537,0.0012985291016786695,0.14868048877391712,0.9987014708983214,0.8513195112260828,0.9634795611103376,0.0016406143683222278,0.00011230401661540175,0.0,3.215396245320638,0.0006365694008433121,1.2191053700965615,0.000758421903327644,8.0,0.0008707259199430458,7.67282756169637,45.11933080355326,svd_only,roberta-base,24,8,outputs/kasa_mechanistic/full/exp2_update_frame/svd_only_mrpc_lr1e-4_s0/results.json,svd_only_mrpc_lr1e-4_s0,"query,value",mrpc
outputs/kasa_mechanistic/full/exp3_weighted_rank_ablation/svd_only/mrpc_lr1e-4_s123,0.022030323058240955,0.9956752427237244,0.0013500152384532174,0.16284283682243916,0.9986499847615468,0.8371571631775607,0.9955553735295931,0.0016445695958585322,0.00012410274166541058,0.0,3.4593616674343743,0.0005188877854972706,1.1953572079934627,0.0005599507677895114,8.0,0.0006840535094549219,7.67282756169637,45.11933080355326,svd_only,roberta-base,24,8,outputs/kasa_mechanistic/full/exp2_update_frame/svd_only_mrpc_lr1e-4_s123/results.json,svd_only_mrpc_lr1e-4_s123,"query,value",mrpc
outputs/kasa_mechanistic/full/exp3_weighted_rank_ablation/svd_only/mrpc_lr1e-4_s42,0.022728841632786143,1.0188177395610185,0.0013180124389194723,0.12225735463225178,0.9986819875610804,0.8777426453677482,1.0186952836811543,0.001712757969168403,8.710361734642902e-05,0.0,3.4569570471843085,0.0005758143385448586,1.2880523435778741,0.0007900333163490814,8.0,0.0008771369336955104,7.67282756169637,45.11933080355326,svd_only,roberta-base,24,8,outputs/kasa_mechanistic/full/exp2_update_frame/svd_only_mrpc_lr1e-4_s42/results.json,svd_only_mrpc_lr1e-4_s42,"query,value",mrpc
outputs/kasa_mechanistic/full/exp3_weighted_rank_ablation/svd_only/mrpc_lr3e-3_s0,0.3543676224993118,13.525739009085783,0.0013426366114284037,0.12714925571056512,0.9986573633885719,0.8728507442894351,13.524115920066833,0.2652984851350387,0.023985025012128364,0.0,3.6645517895619073,0.0008135193225576694,195.86228549542525,0.16907309821787445,8.0,0.19305812323000282,7.67282756169637,45.11933080355326,svd_only,roberta-base,24,8,outputs/kasa_mechanistic/full/exp2_update_frame/svd_only_mrpc_lr3e-3_s0/results.json,svd_only_mrpc_lr3e-3_s0,"query,value",mrpc
outputs/kasa_mechanistic/full/exp3_weighted_rank_ablation/svd_only/mrpc_lr3e-3_s123,0.2674126163205494,12.451927296515464,0.0013167298413745085,0.15340680186207564,0.9986832701586255,0.8465931981379243,12.450421194235483,0.2146238749846816,0.014366593973439498,0.0,3.278141607840856,0.0005136724237027604,163.0380952094371,0.08428524470946286,8.0,0.09865183868290235,7.67282756169637,45.11933080355326,svd_only,roberta-base,24,8,outputs/kasa_mechanistic/full/exp2_update_frame/svd_only_mrpc_lr3e-3_s123/results.json,svd_only_mrpc_lr3e-3_s123,"query,value",mrpc
outputs/kasa_mechanistic/full/exp3_weighted_rank_ablation/svd_only/mrpc_lr3e-3_s42,0.27950162771801285,10.876372427737943,0.0013408148851856642,0.14629130482929423,0.9986591851148142,0.8537086951707059,10.87507418791453,0.17151476566990217,0.013546995049788771,0.0,3.5879707485437393,0.0007535586997862524,128.6218708989521,0.10653553312537649,8.0,0.12008252817516525,7.67282756169637,45.11933080355326,svd_only,roberta-base,24,8,outputs/kasa_mechanistic/full/exp2_update_frame/svd_only_mrpc_lr3e-3_s42/results.json,svd_only_mrpc_lr3e-3_s42,"query,value",mrpc
outputs/kasa_mechanistic/full/exp3_weighted_rank_ablation/svd_only/mrpc_lr3e-4_s0,0.08009020939384874,2.700050782273319,0.0013661192199595322,0.14327888685802817,0.9986338807800403,0.8567211131419716,2.699726348121961,0.013081050468220686,0.001512021070463258,0.0,3.679048548142115,0.001502876877831674,9.430217363881335,0.010818721583063962,8.0,0.012330742653527219,7.67282756169637,45.11933080355326,svd_only,roberta-base,24,8,outputs/kasa_mechanistic/full/exp2_update_frame/svd_only_mrpc_lr3e-4_s0/results.json,svd_only_mrpc_lr3e-4_s0,"query,value",mrpc
outputs/kasa_mechanistic/full/exp3_weighted_rank_ablation/svd_only/mrpc_lr3e-4_s123,0.06924059506594016,2.95747063048586,0.0013995854515988328,0.12531160578092368,0.9986004145484014,0.8746883942190764,2.9571146170298257,0.014431440096814185,0.0011286572348581103,0.0,3.8546595573425293,0.0006978310690137246,10.297609097498935,0.0063057087389400595,8.0,0.00743436597379817,7.67282756169637,45.11933080355326,svd_only,roberta-base,24,8,outputs/kasa_mechanistic/full/exp2_update_frame/svd_only_mrpc_lr3e-4_s123/results.json,svd_only_mrpc_lr3e-4_s123,"query,value",mrpc
outputs/kasa_mechanistic/full/exp3_weighted_rank_ablation/svd_only/mrpc_lr3e-4_s42,0.08293169856003237,3.0937310774204136,0.0013723934449703466,0.14035263884461666,0.9986276065550296,0.8596473611553835,3.09335566063722,0.01637920583986367,0.0023140659595810575,0.0,3.6739737739165625,0.0006916104756431856,11.162642768564789,0.009522112992878343,8.0,0.0118361789524594,7.67282756169637,45.11933080355326,svd_only,roberta-base,24,8,outputs/kasa_mechanistic/full/exp2_update_frame/svd_only_mrpc_lr3e-4_s42/results.json,svd_only_mrpc_lr3e-4_s42,"query,value",mrpc
outputs/kasa_mechanistic/full/exp3_weighted_rank_ablation/svd_only/rte_lr1e-3_s0,0.23300100031190518,10.462415074913222,0.0013899204431280798,0.17095036739626143,0.998610079556872,0.8290496326037385,10.4611523548762,0.17945405064771572,0.022207024100983592,0.0,4.598770439624786,0.00048248655764951024,123.17022891622037,0.06218777739438034,8.0,0.08439480149536394,7.67282756169637,45.11933080355326,svd_only,roberta-base,24,8,outputs/kasa_mechanistic/full/exp2_update_frame/svd_only_rte_lr1e-3_s0/results.json,svd_only_rte_lr1e-3_s0,"query,value",rte
outputs/kasa_mechanistic/full/exp3_weighted_rank_ablation/svd_only/rte_lr1e-3_s123,0.1977246825789285,9.40219943687534,0.0013305627179590093,0.11517223433772983,0.9986694372820412,0.88482776566227,9.401067713896433,0.1285417078373333,0.005381439020614683,0.0,4.549536357323329,0.0004560539883360324,96.73026474332437,0.04895430639953702,8.0,0.0543357454201517,7.67282756169637,45.11933080355326,svd_only,roberta-base,24,8,outputs/kasa_mechanistic/full/exp2_update_frame/svd_only_rte_lr1e-3_s123/results.json,svd_only_rte_lr1e-3_s123,"query,value",rte
outputs/kasa_mechanistic/full/exp3_weighted_rank_ablation/svd_only/rte_lr1e-3_s42,0.16417798979096757,9.447653871372047,0.001375727536557395,0.14894685029429905,0.9986242724634425,0.8510531497057011,9.44651202360789,0.13725968341653547,0.005913373095002801,0.0,4.5343054085969925,0.0003476891602683779,99.56077539781108,0.028274042349949013,8.0,0.03418741544495182,7.67282756169637,45.11933080355326,svd_only,roberta-base,24,8,outputs/kasa_mechanistic/full/exp2_update_frame/svd_only_rte_lr1e-3_s42/results.json,svd_only_rte_lr1e-3_s42,"query,value",rte
outputs/kasa_mechanistic/full/exp3_weighted_rank_ablation/svd_only/rte_lr1e-4_s0,0.02064833975751983,0.9158369708714303,0.0013676359282789004,0.2054869360895001,0.998632364071721,0.7945130639104998,0.9157263524830341,0.0014116289991458568,0.00014623093834605547,0.0,3.5814579725265503,0.0005477587266269008,1.0176419990481615,0.0008509657363428383,8.0,0.0009971966746888938,7.67282756169637,45.11933080355326,svd_only,roberta-base,24,8,outputs/kasa_mechanistic/full/exp2_update_frame/svd_only_rte_lr1e-4_s0/results.json,svd_only_rte_lr1e-4_s0,"query,value",rte
outputs/kasa_mechanistic/full/exp3_weighted_rank_ablation/svd_only/rte_lr1e-4_s123,0.02045901155567833,0.875985514090288,0.001359284638790641,0.16292739251259933,0.9986407153612094,0.8370726074874005,0.8758801656464735,0.0012512291177699808,9.269728669399531e-05,0.0,3.378305201729139,0.0006194920123019936,0.9146183899586807,0.0006448783986646353,8.0,0.0007375756853586305,7.67282756169637,45.11933080355326,svd_only,roberta-base,24,8,outputs/kasa_mechanistic/full/exp2_update_frame/svd_only_rte_lr1e-4_s123/results.json,svd_only_rte_lr1e-4_s123,"query,value",rte
outputs/kasa_mechanistic/full/exp3_weighted_rank_ablation/svd_only/rte_lr1e-4_s42,0.018528965230006706,0.9025047010903058,0.0013497396587954728,0.16448070212477867,0.9986502603412045,0.8355192978752215,0.9023958990971247,0.0012667323026107624,6.920147704173966e-05,0.0,3.671295329928398,0.00042267188006897376,0.9434325141337467,0.00042711045762189315,8.0,0.0004963119346636328,7.67282756169637,45.11933080355326,svd_only,roberta-base,24,8,outputs/kasa_mechanistic/full/exp2_update_frame/svd_only_rte_lr1e-4_s42/results.json,svd_only_rte_lr1e-4_s42,"query,value",rte
outputs/kasa_mechanistic/full/exp3_weighted_rank_ablation/svd_only/rte_lr3e-3_s0,0.284098881785103,10.03343823908507,0.0014345540476195706,0.15608255904810173,0.9985654459523804,0.8439174409518982,10.032220959663391,0.19318002155826738,0.02248879973194562,0.0,3.1618532240390778,0.001274091226518596,137.41070133754206,0.1876681654054361,8.0,0.21015696513738172,7.67282756169637,45.11933080355326,svd_only,roberta-base,24,8,outputs/kasa_mechanistic/full/exp2_update_frame/svd_only_rte_lr3e-3_s0/results.json,svd_only_rte_lr3e-3_s0,"query,value",rte
outputs/kasa_mechanistic/full/exp3_weighted_rank_ablation/svd_only/rte_lr3e-3_s123,0.27353176920437905,11.85764156042255,0.0013051888707470455,0.12936323778420325,0.998694811129253,0.8706367622157968,11.856223901112875,0.20748905977234244,0.013001230199733982,0.0,3.2649253606796265,0.000583801185480087,155.30519623914734,0.09660552433949003,8.0,0.10960675453922401,7.67282756169637,45.11933080355326,svd_only,roberta-base,24,8,outputs/kasa_mechanistic/full/exp2_update_frame/svd_only_rte_lr3e-3_s123/results.json,svd_only_rte_lr3e-3_s123,"query,value",rte
outputs/kasa_mechanistic/full/exp3_weighted_rank_ablation/svd_only/rte_lr3e-3_s42,0.22089074093826108,11.321053900936155,0.0013360479937663259,0.17702847725906365,0.9986639520062339,0.8229715227409363,11.319684624671936,0.2333083467092365,0.011955848107087755,0.0,3.261144146323204,0.0009651384885130749,174.86419523592727,0.06082791724687316,8.0,0.07278376535396092,7.67282756169637,45.11933080355326,svd_only,roberta-base,24,8,outputs/kasa_mechanistic/full/exp2_update_frame/svd_only_rte_lr3e-3_s42/results.json,svd_only_rte_lr3e-3_s42,"query,value",rte
outputs/kasa_mechanistic/full/exp3_weighted_rank_ablation/svd_only/rte_lr3e-4_s0,0.06877386697280678,2.8396301712288428,0.0014295369504925574,0.1879060519791892,0.9985704630495076,0.812093948020811,2.8392867743968964,0.013098587864078581,0.0016855382242511041,0.0,3.8339433819055557,0.0006190789386399423,9.056959142015936,0.006444325879821615,8.0,0.008129864104072718,7.67282756169637,45.11933080355326,svd_only,roberta-base,24,8,outputs/kasa_mechanistic/full/exp2_update_frame/svd_only_rte_lr3e-4_s0/results.json,svd_only_rte_lr3e-4_s0,"query,value",rte
outputs/kasa_mechanistic/full/exp3_weighted_rank_ablation/svd_only/rte_lr3e-4_s123,0.05803265485734809,2.6744923703925543,0.0013332920778097227,0.13697010456309247,0.9986667079221903,0.8630298954369078,2.6741700818141303,0.011172383752030631,0.0007583595150511732,0.0,3.9912625600894294,0.00047088746360160564,8.315505514813898,0.004782164920925425,8.0,0.0055405244359765975,7.67282756169637,45.11933080355326,svd_only,roberta-base,24,8,outputs/kasa_mechanistic/full/exp2_update_frame/svd_only_rte_lr3e-4_s123/results.json,svd_only_rte_lr3e-4_s123,"query,value",rte
outputs/kasa_mechanistic/full/exp3_weighted_rank_ablation/svd_only/rte_lr3e-4_s42,0.06440005800542833,2.6710507787160434,0.0013811217642733884,0.15782537501901522,0.9986188782357265,0.8421746249809844,2.670728847384453,0.011666973431905111,0.0010860470623204794,0.0,4.056545679767926,0.0005883909087719832,8.413277288277945,0.006130705420218874,8.0,0.007216752482539353,7.67282756169637,45.11933080355326,svd_only,roberta-base,24,8,outputs/kasa_mechanistic/full/exp2_update_frame/svd_only_rte_lr3e-4_s42/results.json,svd_only_rte_lr3e-4_s42,"query,value",rte
outputs/kasa_mechanistic/full/exp3_weighted_rank_ablation/svd_only/sst2_lr1e-3_s0,0.6058837733288734,36.958440492804314,0.0012879236913652034,0.1314858014716497,0.9987120763086348,0.8685141985283503,36.953891356786094,1.9956850384672482,0.07198998540601072,0.0,6.997290203968684,0.00026230297781617114,1573.2205294594169,0.5962975842509574,8.0,0.6682875696569681,7.67282756169637,45.11933080355326,svd_only,roberta-base,24,8,outputs/kasa_mechanistic/full/exp2_update_frame/svd_only_sst2_lr1e-3_s0/results.json,svd_only_sst2_lr1e-3_s0,"query,value",sst2
outputs/kasa_mechanistic/full/exp3_weighted_rank_ablation/svd_only/sst2_lr1e-3_s123,0.6000339177328162,38.141840725687125,0.0013321895306619635,0.14264177927244706,0.9986678104693381,0.8573582207275531,38.137125412623085,2.2885373483101525,0.0712910565295412,0.0,6.968339125315349,0.00023608244827270244,1730.2683703054984,0.5214435168794201,8.0,0.5927345734089613,7.67282756169637,45.11933080355326,svd_only,roberta-base,24,8,outputs/kasa_mechanistic/full/exp2_update_frame/svd_only_sst2_lr1e-3_s123/results.json,svd_only_sst2_lr1e-3_s123,"query,value",sst2
outputs/kasa_mechanistic/full/exp3_weighted_rank_ablation/svd_only/sst2_lr1e-3_s42,0.6394185934854729,36.94286865855917,0.0013233636382873077,0.14166840488259794,0.9986766363617124,0.8583315951174021,36.93833382924398,2.079620790978273,0.09091297174745705,0.0,7.018978675206502,0.00030107993664804146,1572.7800555701058,0.6538091611340254,8.0,0.7447221328814825,7.67282756169637,45.11933080355326,svd_only,roberta-base,24,8,outputs/kasa_mechanistic/full/exp2_update_frame/svd_only_sst2_lr1e-3_s42/results.json,svd_only_sst2_lr1e-3_s42,"query,value",sst2
outputs/kasa_mechanistic/full/exp3_weighted_rank_ablation/svd_only/sst2_lr1e-4_s0,0.12524105462448304,4.374142467088708,0.0014443757689261134,0.1539490517819207,0.9985556242310739,0.8460509482180791,4.373615841070811,0.03298744784357647,0.0062106916460227994,0.0,3.6535803377628326,0.0010907082219651263,21.900100397799786,0.03364195103131351,8.0,0.03985264267733631,7.67282756169637,45.11933080355326,svd_only,roberta-base,24,8,outputs/kasa_mechanistic/full/exp2_update_frame/svd_only_sst2_lr1e-4_s0/results.json,svd_only_sst2_lr1e-4_s0,"query,value",sst2
outputs/kasa_mechanistic/full/exp3_weighted_rank_ablation/svd_only/sst2_lr1e-4_s123,0.12171136217868443,4.440295886493896,0.001399601545454877,0.13540658706714434,0.9986003984545452,0.8645934129328555,4.439760794242223,0.032750351121649146,0.004669888420873273,0.0,3.5790460457404456,0.0010319928921841974,22.592734194903944,0.029789342412338254,8.0,0.03445923083321153,7.67282756169637,45.11933080355326,svd_only,roberta-base,24,8,outputs/kasa_mechanistic/full/exp2_update_frame/svd_only_sst2_lr1e-4_s123/results.json,svd_only_sst2_lr1e-4_s123,"query,value",sst2
outputs/kasa_mechanistic/full/exp3_weighted_rank_ablation/svd_only/sst2_lr1e-4_s42,0.1263219284943392,4.398219145626967,0.0014250490749922835,0.13885197255559226,0.9985749509250076,0.8611480274444078,4.3976894815762835,0.0318446095722417,0.005656409709748307,0.0,3.6337223102649054,0.0010577141355406472,21.868834958877414,0.030623731800612102,8.0,0.03628014151036041,7.67282756169637,45.11933080355326,svd_only,roberta-base,24,8,outputs/kasa_mechanistic/full/exp2_update_frame/svd_only_sst2_lr1e-4_s42/results.json,svd_only_sst2_lr1e-4_s42,"query,value",sst2
outputs/kasa_mechanistic/full/exp3_weighted_rank_ablation/svd_only/sst2_lr3e-3_s0,13.427026911360684,686.5730499737227,0.0013106091148401067,0.11701617888364862,0.99868939088516,0.8829838211163515,686.4905192057291,638.8587156931559,24.84536883731683,0.0,3.324247350295385,0.00047636830538322323,486143.9342530568,205.8321824322144,8.0,230.67755126953125,7.67282756169637,45.11933080355326,svd_only,roberta-base,24,8,outputs/kasa_mechanistic/full/exp2_update_frame/svd_only_sst2_lr3e-3_s0/results.json,svd_only_sst2_lr3e-3_s0,"query,value",sst2
outputs/kasa_mechanistic/full/exp3_weighted_rank_ablation/svd_only/sst2_lr3e-3_s123,12.650315452640115,692.7892669978723,0.0012954738400063135,0.11980056313470488,0.9987045261599934,0.8801994368652951,692.7058976491293,647.2779620488485,22.138107277452946,0.0,3.7442521154880524,0.00037789941356682093,495817.0830405553,175.76471632967392,8.0,197.90282360712686,7.67282756169637,45.11933080355326,svd_only,roberta-base,24,8,outputs/kasa_mechanistic/full/exp2_update_frame/svd_only_sst2_lr3e-3_s123/results.json,svd_only_sst2_lr3e-3_s123,"query,value",sst2
outputs/kasa_mechanistic/full/exp3_weighted_rank_ablation/svd_only/sst2_lr3e-3_s42,11.823150895789484,664.132549047312,0.001338943201655237,0.15194504318938895,0.9986610567983449,0.8480549568106109,664.0522066752116,605.617685953776,25.064479957024258,0.0,3.7531604170799255,0.00039916540901680213,453284.9278869629,135.95358621080717,8.0,161.01806616783142,7.67282756169637,45.11933080355326,svd_only,roberta-base,24,8,outputs/kasa_mechanistic/full/exp2_update_frame/svd_only_sst2_lr3e-3_s42/results.json,svd_only_sst2_lr3e-3_s42,"query,value",sst2
outputs/kasa_mechanistic/full/exp3_weighted_rank_ablation/svd_only/sst2_lr3e-4_s0,0.22584284380782135,12.432563732753893,0.0013701503305458952,0.14617883354217667,0.9986298496694541,0.853821166457823,12.431046406428019,0.23195941653102636,0.015430483526870375,0.0,5.022359987099965,0.00044141100273803593,171.08255887621394,0.07191757911520351,8.0,0.08734806264207388,7.67282756169637,45.11933080355326,svd_only,roberta-base,24,8,outputs/kasa_mechanistic/full/exp2_update_frame/svd_only_sst2_lr3e-4_s0/results.json,svd_only_sst2_lr3e-4_s0,"query,value",sst2
outputs/kasa_mechanistic/full/exp3_weighted_rank_ablation/svd_only/sst2_lr3e-4_s123,0.23579300913724185,12.540782692564589,0.0013415231105033236,0.13915409599550588,0.9986584768894967,0.8608459040044942,12.539247512817383,0.23456287290900946,0.018612559550092556,0.0,4.982873439788818,0.0004597375795478569,174.4178072620804,0.08848619810790599,8.0,0.10709875765799855,7.67282756169637,45.11933080355326,svd_only,roberta-base,24,8,outputs/kasa_mechanistic/full/exp2_update_frame/svd_only_sst2_lr3e-4_s123/results.json,svd_only_sst2_lr3e-4_s123,"query,value",sst2
outputs/kasa_mechanistic/full/exp3_weighted_rank_ablation/svd_only/sst2_lr3e-4_s42,0.25098581682300364,12.410585367441307,0.0013329610935099278,0.11417043294193223,0.9986670389064899,0.8858295670580678,12.40906834602356,0.22633412573486567,0.012265691131081743,0.0,5.079442843794823,0.0004779195908609111,170.64247970686606,0.09223402783876129,8.0,0.10449971896984304,7.67282756169637,45.11933080355326,svd_only,roberta-base,24,8,outputs/kasa_mechanistic/full/exp2_update_frame/svd_only_sst2_lr3e-4_s42/results.json,svd_only_sst2_lr3e-4_s42,"query,value",sst2
